0	包租公、包租婆和街坊为了用水问题展开了一系列斗智斗勇的较量，最终两夫妻对街坊妥协，用水问题得到解决。	0,1,4,24	0,1	
1	一条纱巾引发的乌龙事件，贪得无厌的包租婆，包租公的阴谋被街坊揭穿，唯有自作自受，独尝苦果。	0,1,4,24	7,1	
2	阿香接济街坊被包租婆发现，阿香被打，补鞋仔与阿香心生情愫，为替阿香出头顶撞包租婆，包租公、包租婆联合三六九设计陷害补鞋仔使其坐牢……	0,1,4,7,24,26	2,5	4:0
3	包租公、包租婆想加房客租金，房客代表鸡公福联合众房客反对。	0,1,6,7,9	1	
4	三六九买假枪得真枪，专员视察时露馅，受处分。	24,23,0	2	13:0
5	阿香在包租公、包租婆家经常受到虐待，无意中听到两公婆谈话后会错意，误以为她亲生父亲会来赎她，两公婆丢失了阿香卖身契，为了不让其父亲赎回阿香……	0,1,4,10,24	1,0	12:0
6	鸡公福打更巡逻捡到一个婴儿带回大院，包租公两公婆认为婴儿晦气想要驱逐出大院，众房客与两公婆产生矛盾。	0,1,4,6,7,9,10,24	0	
7	太子炳、八姑和街坊一起唱粤曲。	0,1,13	9	10:0
8	解锁新人物——奀妹，奀妹从乡下来到省城，不料被贼抢走了行李身无分文。	4,6,7,12,13	10,0	5:0
9	街坊教奀妹卖烟技巧。	1,12,24	4	
10	包租公、包租婆在茶楼听到荐人钟要开荐人馆，听完描述后被其利益所吸引，双方不谋而合开起了荐人馆。	0,1,9,12,13,26	4,1	0:0
11	解锁新人物——西洋蔡。	0,1,8,9,11	0	5:0
12	西洋蔡因为虚荣心做出一系列损人不利己的举动，结果得不偿失，自作自受。	4,11,12,24	4,7	
13	太子去舞厅鬼混后被人种下咖喱鸡，回到大院向街坊炫耀。	0,1,6,8,9,10	7,9	
14	西洋蔡利用职务便利和八姑一起国币换港币引发了一系列风波。	1,6,7,8,9,11,23,24	4,10	
15	一条项链引发的风波。	0,1,4,6,8,9,10,11,13	7,0	
16	发仔捡到一千元后告诉街坊。街坊商量如何处理这笔钱时，阿香告知众人八姑丢失了一千元，大家误以为这笔钱就是八姑丢失的，认为这是不义之财……	1,4,6,7,8,9,11,12	7,0	
17	西洋蔡用街坊的标金拿去放高利贷。	6,9,10,11,12,13	4	
18	金医生的疯狗症风波。	0,1,4,6,7,8,10	8,7	11:0
19	奀妹从报纸上看到有告白女郎招聘想去应聘遭到包租公、包租婆两夫妻嘲笑。	0,1,4,6,7,11,12,13	4,0	
20	包租婆和周太逛街时被贼抢走手袋，恰巧疍家婆阿喜路过就冤枉是她抢走了手袋，阿喜百口莫辩又因为疍家人身份唯有逃跑……	1,4,8,9,10,12,13,24	7,10	
21	奀妹在茶楼做女招待。	8,9,10,11,12	4	
22	太子炳精神萎靡看见与自己同岁的鸡公福依然生龙活虎，便向他请教养生之道。	0,1,4,6,7,10,24	0,8	
23	西洋蔡，金医生，兰姨，奀妹，瑞叔，发仔，鸡公福，众街坊，西洋蔡的假药引发的风波。	6,7,8,9,10,11,12	8,4	11:0
24	太子炳与金医生换裤。	0,4,7,8,9,10	0,7	
25	新晋捞家奀妹。	0,1,6,12,13	4	
26	阿七联合西洋蔡骗包租公、包租婆两夫妻家产，西洋蔡良心发现告诉他们，阿七的计划败露。	0,1,11	7,1	
27	瑞叔身体弱兰姨让他向发仔学练武，可瑞叔只有三分钟热度，最终竹篮打水一场空。	7,8,9	0	
28	太子炳喝醉酒被瑞叔，发仔，鸡公福三人抬回房间，醒来后发现被打就冤枉是其三人下的手。	0,4,6,7,8	7,0	
29	三人斗蟋蟀，太子炳，三六九鹬蚌相争，一四七渔翁得利。	0,24,26	2,4	
30	小梅的妈妈要将瘸腿的小梅嫁给金医生，以摆脱这个累赘。金医生将小梅的腿治好，送小梅去红十字医院学习。	1,6,9,10	8,5	
31	阿黄送给鸡公福一只鸡，鸡公福又送给了韩师奶，作为人情的鸡在街坊手上流转一遍都没有选择吃掉。	4,6,7,8,9,10,13	0	
32	西洋蔡和包租公、包租婆两夫妻合伙做原子笔生意，但双方各怀鬼胎，夫妻二人企图抢夺货源，但西洋蔡棋高一招，夫妻二人最终搬起石头砸自己的脚。	0,1,11	4,1	0:0
33	八姑烧香回家后发现自家养的风水鹦鹉连同鹦鹉一起不见的还有一条宝石项链，就冤枉众街坊偷走了鹦鹉。	0,1,4,6,9,11,12,24	9,7	
34	兰姨瑞叔一家三个乡下亲戚来蹭饭。	6,8,9	0	
35	发仔请阿香看电影。	4,7,12	9,5	4:1
36	发仔看不惯三六九的所作所为，和三六九发生口角。因此，三六九怀恨在心，联合八姑藏起了发仔谋生的黄包车。	1,6,7,13,24	2,7	
37	太子炳和韩师奶一起醉酒回家，太子炳在韩师奶房间休息一晚。	0,1,4,8,10,12,13	7,5	
38	韩师奶有个儿子在别人家寄养被三六九发现，三六九以此来要挟韩师奶为他办事。发仔和金医生帮助韩师奶，设计摆脱了三六九对她的要挟。	7,10,13,24	2,5	
39	收音机风波。	1,4,6,7,9,12,24	0,10	
40	西洋蔡，瑞叔，金医生三人商量出了字花谜底决定合买字花让西洋蔡去兑奖。	1,7,8,10,11	9,4	
41	乌龙肺痨病风波。	0,1,4,7,8,9,10	8,7	
42	瑞叔老友金山伯来信被太子炳看见，瑞叔让太子炳帮忙看信中内容。	0,1,4,7,8,9,13	10,0	
43	兰姨家漏雨，找了几次师傅修都没修好，原来是因为工匠为了节省材料费，一直没有认真修好。	7,8,9	0	
44	发仔不交保护费和警察发生冲突，警察就罚他一个月不许摆摊做生意。	6,7,13	2,4	
45	鸡公福亲戚阿贵来到大院因为好吃懒做，手脚不干净，烂赌被鸡公福和街坊嫌弃。	0,1,6,13	0	
46	太子炳、八姑打碎花瓶嫁祸房客，谎言被拆穿，最终丢脸。	0,1,6,8,9,11	7,1	
47	中秋节，一位师奶送了发仔一个月饼，原本是打算和阿香，奀妹一起吃，结果发仔和阿香不小心自己吃完了，引发了奀妹的误会。	4,7,12	0,5,11	
48	奀妹经常丢失香烟，大家决定找出偷香烟的贼，原来偷香烟的贼就是太子炳。	0,1,4,6,7,12	7,1	
49	假金条事件。	0,1,6,8,10,23,24	7,2	
50	宣传女性独立，解放思想。	0,1,4,7,9,13	10,0	
51	八姑拖欠发仔包车钱不还，发仔气不过与之发生冲突。在众人劝说下发仔不选择与八姑硬碰硬，而是设计从八姑手中拿回了自己应得的钱。	1,4,7,10	1,4	
52	牛局长看上了韩师奶的美色，韩师奶不肯，牛局长便使用各种手段逼她就范。韩师奶认牛夫人为姐姐，摆脱了牛局长的纠缠。	1,13,23,24,28	2,5	
53	太子炳用下棋的手段巴结吴会长，结果弄巧成拙。	0,1,11	4,7	
54	太子炳因举报抢劫犯烟屎就惹出了一系列麻烦。	0,1,23,24	2,1	
55	八姑朋友桂姐看上了兰姨瑞叔做衣服手艺好，就把做衣钱给八姑让兰姨瑞叔替她做衣服。	1,4,8,9,13	0,4	
56	小明星姐妹小明珠韩师奶重出江湖。	1,6,7,9,11,13,23,24	9,6	
57	西洋蔡被惯偷犯阿倩骗。	1,11,24	7,6	
58	太子炳、八姑夫妻二人委托西洋蔡买的名牌服装原来是死人衣。	0,1,10,11,24	7,4	
59	西洋蔡和奀妹共同捡到了一枚戒指，两人都想据为己有。因为这枚戒指，两人来往密切，却被街坊误会了彼此的关系。	9,11,12,13	7,5	5:0
60	三六九和金医生一起抓贼。	10,23,24	2,7	
61	西洋蔡在八姑家做仆人。	0,1,4,11,13	4,0	
62	八姑家被贼打劫，三六九和八姑被吓得躲在床上。	1,4,7,8,9,10,24	6,2	
63	鸡公福向瑞叔家借米，瑞叔借给了他惹得兰姨不高兴。	6,8,9	0	
64	发仔的乌龙父亲。	4,7,8,9,10	7,0	
65	阿香不小心打碎了八姑家一只花瓶，害怕被八姑责打的阿香找街坊帮助，街坊先让她躲在大院，制造离家出走的假象，等风头过去了再回家。	0,1,4,6,7,9,13	1,0	
66	一个花痴喜欢上了奀妹。	1,12,13,23	5,7	
67	破产的西洋蔡为了做成一笔生意在合伙人面前充大头，借八姑家，让太子炳当仆人，让八姑假扮他老婆。结果被八姑揭穿，生意也黄了。	0,1,4,11	4,7	
68	发仔小时候的玩伴婉玲来大院找发仔，打算带发仔回乡下。发仔舍不得街坊和阿香留在了大院。	4,7,8,9	5,0	4:1
69	八姑鼾声如雷，太子炳下泻药，八姑腹泻后鼾声消失，大闹一场。	0,1,4,10	0,8	
70	西洋蔡的表弟阿禄前来投靠，也给他添了不少麻烦。	11,18	0,7	
71	朱美琴与金医生合伙开诊所，朱美琴要金医生骗病人，收取高价诊金，与金医生理念不合，最终两人分道扬镳。	7,8,9,10	8,4	
72	牛局长和三六九巡街时发现大院外有共党传单，进入大院搜查盘问街坊无果。牛局长和三六九使用苦肉计以取得街坊信任，三六九在大院当起了卧底。	23,24	3,2	
73	中医讲究整体调理，西医讲究对症下药。无论中医还是西医，都是为了医人，两者各有长处。	0,1,4,9,10	8	
74	鸡公福喝醉酒误把韩师奶当成了自己走失的妻子。	6,8,9,10,13,24	7,5	
75	三六九看见一张寻夫告示，为还人钱就冒充她的丈夫，结果反而被骗。	10,24,26	2,7	
76	国货衰微，洋货大行其道，就连鸡公福的榄也未能幸免。为打开销路，他和西洋蔡商量把鸡公榄包装成美国原子榄，销量好起来了，但随之也产生了许多麻烦。	6,7,11,12	4,10,11	
77	牛局长在太子炳面前抱怨许久未升职以及如何应对巡查人员，太子炳提议在专员面前做假案，捞政绩。	0,23,24	2,1	
78	太子炳、八姑夫妻二人求子心切，为了得子做了许多事，最终仍是一场空。	0,1,4,9,10	9,5	
79	时局动荡，米价上涨，钱不值钱，以米易物成为潮流。	1,6,7,9,13,24	10,0	15:0
80	八姑因为过度思念先夫得了怪病，为治疗她的怪病众人做了许多，到头来却被人骗。	0,1,4,10	8,7	
81	兰姨家乡下发生水患急需用钱，韩师奶愿意借钱给她并用她家瓦枕头做抵押。	8,9,11,13	0,4	
82	奀妹还差最后一张卡就可以换大奖，差的这张卡恰好西洋蔡拥有。在领奖过程中，两人因为彼此不信任，导致卡片被损坏，大奖也领不了。	11,12	4,7	5:0
83	八姑发现太子炳总是出去鬼混，很少陪自己就不给太子炳零花钱。太子炳联合三六九欺骗八姑，赚取零花钱。	0,1,24	1,0	
84	八姑和三六九为了钱把联合国发的救济衣物换成了烂衣服。街坊联合一四七和八姑的买家识破了八姑的计谋，救济衣物物归原主。	1,6,7,9,10,24,26	2,10	
85	牛局长以巡官职位为诱饵，让三六九和一四七立功，随后将其发配匪患之地的番禺。	1,23,24,26	2,3	
86	一四七扮演西洋传教士。	0,1,6,9,10,12,26	7,9	
87	新世界舞厅要选出一个美女可以嫁入豪门江老太爷，结果八姑被江老太爷看上。	0,1,23,24,28	5,4	
88	包租公、包租婆夫妻二人和七十二家房客团结一致，共同对付青龙堂。	0,1,4,6,7,8,9,10,11,12,13,23,24	6,0	
89	八姑买了一枝转运桃花，可结果告诉她不是桃花运而是桃花劫。	0,1,4,7	9,7	
90	时势混乱，世道艰难，赚钱不易，街坊们都没有足够的钱过新年，因此大家一起过年，吃年夜饭。	0,1,4,6,10,11,12,13	10,0,11	
91	高佬泉将打劫丝绸洋行的贼赃寄放在兰姨家，太子炳、八姑贪图兰姨家的好衣服想据为己有，就用诡计骗兰姨把衣服交给他们保管，结果卷入洋行打劫案。	0,1,9	7,1	
92	鸡公福在街上救了一个昏迷的老伯把他背到金医生诊所。老伯醒来太子炳无意给他喂水就被他当成了恩公。	0,6,10	7,0	
93	太子炳为了开骰宝馆和鲨鱼坚在赌档做交易，牛局长接到金医生举报查封赌档，没收了太子炳的钱。	0,10,23	4,2	
94	发仔将路边一个没人要的沙井盖带回大院。街坊深受院中水坑之害，就把井盖盖在水坑上。	7	0	
95	太子炳的情人阿如说她怀了太子炳的孩子，阿如以安胎为名敲诈太子炳钱财。	0	1,7	
96	八姑和一群太太打赌，对太子炳进行花心测试。	0,1	5,1	
97	阿香落下香包，发仔去还香包时无意间看到阿香换衣服，情急之下只能丢下香包落荒而逃。	4,7	5	4:2
98	韩师奶请鸡公福到玉嫂开的竹升面馆帮忙，鸡公福教玉嫂做竹升面。	6,13,15	4,0,11	6:0
99	三六九和一四七见西洋蔡材料写得好，就让西洋蔡帮他们写材料完成任务。	11,23,24,26	2,4	
100	太子炳答应借钱给阿刘，八姑不借，这让太子炳很丢面子，和八姑吵架后选择离家出走。	0,1,24	1,5	
101	奀妹为了让妈妈放心，找西洋蔡假扮她男友。	11,12	5,7	
102	太子炳为了弄走发仔，和三六九合计利用征兵计划拉发仔去当兵。为了救发仔，鸡公福换了发仔的血样，使他检验结果为疟疾，避免了去当兵的命运。	0,6,7,24	3,2	
103	鸡公福去舞厅做跑堂。	6	4	
104	金医生年纪大了因担心自己欠了街坊的钱不记得还所以就把自己欠街坊钱的账目写在账簿上，被街坊误会金医生给他们记账。	10	8,7	
105	三六九收养一个孩子取名九仔，一四七找到九仔父亲让他们父子相认。	24,26	2,7	
106	鸡公福为替盲公桂出头被流氓打，导致眼盲。盲桂教鸡公福做南乳花生谋生，两人同甘共苦。金医生治好鸡公福眼睛让他恢复光明。	6,10	8,4,11	
107	太子炳、八姑回乡下，阿香一个人在家，难得放松的阿香让发仔和奀妹陪她出去玩。	0,1,4,7,12,24	0,5	
108	笔名为白寒枫的金医生一直与小曼有书信来往。	0,10,24	8,7	
109	西洋蔡和李光、刀疤强合伙做假丝绸生意。	0,1,11	4,2	
110	兰姨即将过生日，瑞叔打算买一枚金戒指当做生日礼物送给她。	0,1,8,9,13,23	5,0	
111	西洋蔡奀妹没钱吃饭饿着肚子，两人看见金医生有半只粽子，晚上一起就把粽子给偷吃了。	10,11,12	0,7,11	
112	三六九听说一四七接了一件与金钱和美女打交道的案件，破了此案可以升官发财。	23,24,26	2	
113	卖早点的老伯在街上被人抢劫并打伤了他，金医生扶他回诊所简单包扎后送他离开，老伯儿子看到老伯受伤不分青红皂白就冤枉是金医生打的……	10	8,7	
114	太子炳将自己的好茶马骝篾与鸡公福的龙珠挂绿交换，将龙珠挂绿送给牛局长。	0,6,23	0,4	
115	副市长在大院门口被人袭击昏迷入院，牛局长心急破案就想找替死鬼，见发仔最多事就冤枉他抓他入狱。	4,6,7,23,24	2,7	
116	八姑试吃美国瘦饼。	1	4,7,11	
117	金医生写信给牛局长让他解决自来水用水问题，写完信让发仔交给三六九。	7,10,23,24	0,2	
118	西洋蔡偷吃番薯被街坊当众抓到。	6,11	4,7	
119	奀妹给龙连长做梅菜扣肉，误打误撞得到了龙连长的好评。	12	0,4,11	
120	三六九在牛局长和林局长拼酒过程中坚持到最后，让牛局长长了脸，被牛局长升为队长。	23,24	2	
121	韩师奶将发仔当弟弟看待，有好事总会关照他。	4,7,9,13	5,0	
122	发仔想送一件学生装当生日礼物送给阿香，但学生装价格昂贵，正愁无赚钱门路时，发仔发现兰姨有富贵人家送来洗的学生装，就向兰姨借。	4,7,9,13	5,0	
123	太子炳做招马路工工作，听到通水渠时通到了炸弹，为了甩掉这个烫手山芋，他把合同转让给了西洋蔡。	0,6,11	4,10	
124	西洋蔡被乡下超骗，用假烟换掉了奀妹的真烟，一四七买了奀妹的假烟，没收了奀妹的烟箱。	7,11,12,26	4,2	
125	孙旅长要买谭家祖宅，太子炳和两个哥哥都想争得房屋拥有权，一时吵得不可开交。	0	1,5	
126	西洋蔡为了充场面用假骆驼烟当真骆驼烟。	0,1,10,11,12,23,26	4,7	
127	太子炳催街坊交租，街坊说别人欠他们钱，世道艰难等理由没钱交租。	0,1,24	1,4	
128	三六九收了炒金犯大烂财一枚戒指，放走了他。	23,24	2	
129	上级利用蒋委员长生日进行签名祝寿来大肆敛财，让牛局长完成任务。	6,23,24	2,10	
130	警局抓汉奸的时候，汉奸扔下一个装着日本膏药旗的包袱，兰姨贪小便宜就把包袱捡回去。	8,9,13,23,24,26	10,7	
131	太子炳听牛局长吩咐接待微服私访的省府特派员，让他不能对特派员说治安不好、盗匪猖獗的话。	0,23	2,7	
132	西洋蔡被老板炒，成为失业人员。	10,11,23,24	8,4	
133	八姑为了攀附上汤会长，向六婆学习哭丧技巧，做哭丧婆。	1	9,4	
134	西洋蔡奀妹合开蔡祝行。	11,12	4	5:1
135	西洋蔡为了赚更多钱，在卖给街坊的柴里面洒水，结果得罪了街坊，丢失了信用，生意也没人光顾。为了求得街坊原谅，西洋蔡负柴请罪。	11	4,0	
136	八姑每次在蔡祝行吃饭都喜欢赊账，奀妹问她要钱，她就耍无赖，以不续租给奀妹要挟奀妹。	1,11,12,13	4,1	
137	韩师奶和姐妹赵细银。	13	9,5	
138	马克先生出钱让西洋蔡帮忙找广绣大公鸡，兰姨说瑞叔有一副广绣大公鸡，正是要找的那副。	8,9,11	4,0	
139	赵厅长即将要来警局嘉奖优秀巡警，但赵厅长最讨厌秃顶和头发少的人。三六九为了当优秀巡警受到嘉奖，积极寻求生发秘方。	24	2,9	
140	金医生成为报社的专栏作家，他将社会事实写成文章刊登在报纸上，得罪了牛局长。	10,23	8,2	
141	阿香为了帮助一位老奶奶，每次买肉回去都会割下一块。	1,4,11	0,5	
142	大华酒店开业，鸡公福卖榄从酒店前经过，被酒店伙计驱赶，鸡公福气不过诅咒酒店结业。	6,23	2,4	
143	八姑为了置办行头，让瑞叔交三个月租，不交租就转租给别人。	1,7,8,9,11,12	1,4	
144	街坊和牛局长一起拍合影，太子炳被徐副局长当凳子坐。	0,23,27	2,0	
145	西洋蔡接别人家电话线给八姑家装电话。	1,11	0,4	
146	兰姨为了应酬，借八姑家充场面扮有钱人。	1,9	0,4	
147	蔡祝行卖的粥中米沙很多，西洋蔡为此事很烦恼。	11	4,11	
148	太子炳、八姑重拍定情照。	0,1	5,1	
149	三六九为报复八姑打了她，被太子炳抓到把柄敲诈三六九，计划被八姑知道，太子炳和三六九在八姑面前狗咬狗。	0,1,24	2,1	
150	一四七捣毁了黄老板的地下钱庄，私吞了黄老板的金条。	13,26	6,2	
151	发仔以为忠义堂是路见不平、行侠仗义的组织，为了不被欺负加入了忠义堂，却不想和自己想象中的不一样。发仔迷途知返，离开忠义堂。	7	6,5	
152	兰姨没足够钱招待大嫂，只能买酒楼的剩菜给大嫂吃，被太子炳、八姑拆穿。	0,1,9	0,4,11	
153	八姑看见兰姨年轻时的靓照就眼红，拿出自己年轻时的照片给大家看，想好好威风一次。	1,9,11	0,9	
154	王连副追求奀妹，要奀妹帮他生儿子。	12	5,6	
155	太子炳为躲避怅鸡英的情债，传出自己被谋杀的消息。	0	7,1	
156	阿香因为帮了糊涂仙，糊涂仙送了她一副白菜图作为回报。	0,1,4,7,10,23,24	7,0	
157	西洋蔡得到王中王儿子阿祥的帮助后，店里腊味生意很好。	11	4,11	
158	阿香不小心踩到地雷，地雷没有引爆，但脚不能离开。随着时间流逝，阿香体力不支，随时有倒下的可能。发仔上前舍身换掉阿香。	4,7	3,5	
159	兰姨将八姑做衣服不要的布碎拿来做百家被，孤寒刻薄的八姑就冤枉兰姨偷客人的布料做衣服卖。	1,9	0,1	
160	丧彪把八姑作为人质，街坊制服丧彪，救出八姑。	1	6,1	
161	发仔为了不想被人欺负和保护街坊当警察，但因为太过正义触犯了别人的蛋糕，三六九让发仔与他合作，发仔为了不与他同流合污，选择不当警察。	7,24	2,5	
162	神父为了感谢太子炳，送给他一尊希腊女神像。	0	7,0	
163	奀妹贪小便宜被人用假金骗了店铺进货钱，因为担心以后店铺自己不能做主所以就对西洋蔡说被蒙汗药党迷晕抢钱。	11,12,23	4,7	
164	韩师奶和飞行员文浩相识，很快便堕入爱河，甚至到了谈婚论嫁的地步，但是造化弄人，文浩接到紧急命令，要求他支援东北，军令如山文浩不得不走……	13	5,10	
165	世道艰难，赚钱不易。西洋蔡为了钱做承包红白喜事业务却总是被烂仔荣搞破坏。	11	4,6	
166	八姑为了钱把阿香卖给南洋阿伯，街坊发现南洋阿伯是骗子，报警抓了骗子团伙，救出阿香。	1,4	1,6	
167	太子炳被八姑罚跪，太子炳出钱让西洋蔡替他跪。	0,1,11	1,4	
168	兰姨侄女大珠结婚，没钱买金猪，用豆腐做金猪回门。	9	0,4,11	
169	神秘人让发仔卖他的花屐，发仔拿回花屐后兰姨认出是他的旧情人铁指张做的。	7,8,9	7,5	
170	阿香被拐去陈塘，韩师奶女扮男装和街坊一起救出阿香。	4,13	6,5	
171	牛局长让三六九买鸟，钱却被追债人拿走了，为了交差，三六九把太子炳的鸟骗走说牛局长会解决他开字花店的问题。	0,23,24	2,7	
172	八姑求神婆如何得子，神婆让她在三个月内做八十一件好事，积德行善。八姑只能投机取巧做善事。	1	9,1	
173	林家轩给奀妹拍照，经过相处，奀妹喜欢上了林家轩，奀妹以为林家轩也喜欢她，结果只是奀妹一厢情愿。	12	5,7	
174	八姑在牛局长上级面前说牛局长坏话，为了避免八姑再出事端，把八姑抓去坐牢。	0,1,23,28	2,1	
175	南洋蔡阿婆回来找堂弟，太子炳以为蔡阿婆有钱就找三六九帮忙做假档案冒充蔡阿婆堂弟。	0,24	7,4	
176	八姑捡到黑口黄的假钱，被三六九和黑口黄知道。	1,23,24	7,2	
177	阿香嫌弃发仔只会冲动、不思进取、牛精脾气还仇富，发仔说阿香嫌贫爱富、贪慕虚荣，两人闹矛盾。	4,7,8,9,11	5,0	
178	太子炳和发仔被国军抓走，把发仔放回来传消息说让八姑拿钱赎回太子炳。	0,1,7,23	3,1	
179	太子炳亲戚在乡下囤积了很多粮食卖不出去，太子炳在报纸上看到粮食失收，粮价高涨，他认为倒卖粮食是一个发财的机会。	0,1,24,26	4,10	0:1
180	瑞叔旧相好阿花行乞葬夫，瑞叔见她可怜就拿钱帮助她，被八姑看见。	1,8,9	5,7	
181	西洋蔡已经答应把单车借给发仔，但因为奀妹要学车就失信于发仔，阿香就对发仔发脾气。西洋蔡对阿香说明情况，并把单车借给发仔。	4,7,11,12	5,0	
182	崔名贵以为人治病为由在大院开烟馆。	0,1,6,11,23	4,10	
183	金医生指证西洋蔡外甥虾仔偷了太子炳钱包，冤枉虾仔坐牢，虾仔出狱要报复金医生。虾仔利用单车使金医生入狱。	0,10,11	8,7	
184	太子炳让鸡公福帮他猜拳。	0,6	4,0	
185	牛局长和苦力兄弟倔强陈下棋。	0,1,10,12,23	2,0	
186	发仔、阿香偷偷约会一起吹口琴，青春躁动什么都不怕。	0,1,4,7,10	5,0	4:2
187	韩师奶、画家、兰姨、八姑、太子炳——韩师奶带回一个男画家，街坊以为韩师奶和画家有关系。	0,1,9,13	7,0	
188	牛局长把八姑当成盗窃案犯卷毛凤，抓进监狱。	0,1,23	2,1	
189	牛局长找瑞叔做衬衫，瑞叔为了立领效果把牛局长艳照的胶卷缝在衣领里。	6,8,10,11,12,23,24	2,7	
190	西洋蔡向兰姨学习打小人技巧，打太子炳小人，太子炳知道后打西洋蔡小人。	0,6,9,11	9,1	
191	太子炳、八姑为了谋得林大嫂的蓝田玉，和当铺老板合作，压低蓝田玉价格。	0,1,10,11,12	4,1	
192	牛局长为了当上副厅长，向黄厅长毛遂自荐太平警局是国语运动的试点单位，大力推行国语。	11,12,23,24	2,10	
193	曼丽小姐逃婚，让太子炳藏起她。	0,1,8,9,24	7,1	
194	太子炳扮成新盲公唱戏。	0,1,4	9,1	
195	大量难民涌入广州，西洋蔡号召大家募捐。	0,1,11,12,23	10,4	
196	太子炳无意打了保密局龙二，龙二为了报复太子炳把他抓入监狱。	0,1,4,23	2,1	
197	阿香肚子不舒服，又缺乏常识，误以为被碰过就会怀孕。经过金医生诊断阿香得了肠胃炎并不是怀孕。	0,4,7,10,13	8,5	
198	陈家以帮助奀妹妈为由，要奀妹嫁给陈大少。陈少得花柳病死了，奀妹的婚事顺利解决。	1,6,10,11,12,20	5,10	
199	长堤发生抢劫案，警察没有人证无法定案，女事主不愿意作证。韩师奶去过长堤，街坊认为韩师奶是女事主，要她出来作证，韩师奶说不是，街坊不相信。	6,10,11,13	7,0	
200	八姑患中耳炎，耳朵听不清楚，太子炳错拿安胎药给八姑喝，导致八姑病情加重。八姑就认为太子炳想故意害他，中耳炎好了后，八姑想整蛊太子炳就故意装聋。	0,1,4,10,24	8,1	
201	八姑听信谣言，谣言说林太是太子炳情人，八姑去林家大闹一场。林先生不相信林太，林太就跳了珠江。林先生告八姑逼死林太。	0,1,24	7,1	
202	金医生和老友洁雯，洁雯想要金医生和她一起回上海生活，金医生拒绝。	8,9,10	8,5	
203	神父给阿香争取人权与自由，并施压给牛局长，让太子炳、八姑不得打阿香。牛局长让发仔做监督人，监督太子炳、八姑是否打阿香。	0,1,4,7,23	2,1	
204	太子炳、八姑重新办婚礼。	0,1,24	1,4	
205	鸡公福主动请缨假扮韩师奶男友接她下班，街坊误会他们之间关系。	6,8,9,10,13	5,7	
206	太子炳买套牌车，一四七套太子炳车牌撞了人让太子炳背锅。	0,1,24,26	4,2	
207	太子炳向牛局长买官，牛局长收钱不办事。	0,1,23,24	2,1	
208	奀妹喜欢西洋蔡，为西洋蔡做了很多事，西洋蔡却认为奀妹想害他，让街坊认为他懒。	4,7,11,12	5,4	5:1
209	奀妹当着街坊面嘲讽西洋蔡一身肥猪肉，西洋蔡为了整蛊奀妹把她和发仔的房租藏起来。	4,7,11,12	1,4	
210	太子炳为讨好郑局长，打算去偷金医生的金桔王，结果偷了臭桔。	0,1,10	4,7	
211	太子炳伤了脚，请陈居士算命，陈居士说要收干儿子才能保他平安。	0,1,4,7	1,9	
212	韩志丰攀附上香萍，并改名耀宗，在香萍面前韩志丰假装不认识韩师奶，背着香萍在韩师奶面前又使用苦肉计骗取韩师奶的信任。	13,17	5,6	10:1
213	韩志丰与韩师奶复合，住进大院。	13,17	5,0	10:1
214	韩志丰被徐二算计，酒楼被拿走，创业失败。	6,7,8,13,17	4,10	10:1
215	老伯被街坊当成汉奸。	9,10,12	10,7	
216	奀妹私自拿店铺钱借给发仔，又不给西洋蔡说。	7,9,11,12	4,7	
217	珠女出场。	6,8,9,16,26	0,7	
218	珠女假装离家出走。	8,9,10,12,16	0,1	
219	牛局长将告示贴在大院，街坊为了抗议就把告示撕了，牛局长找不到撕告示的人就派三六九看守告示。为了破坏告示，街坊和三六九斗智斗勇。	4,6,7,10,12,23,24	2,0	
220	珠女和瑞叔互送礼物。	4,7,8,9,16	5,0	
221	金医生从医院买了假药，知道内情的曾子明医生用真药换了金医生的假药。街坊误以为曾子明偷金医生的药。	4,7,8,10,11	8,7	
222	阿香和发仔的合照不小心被阿香放进八姑家的相册里了，为了拿出合照，鸡公福灌醉太子炳让阿香拿，结果合照被醉酒的太子炳撕毁了。	0,1,4,6,7	5,1	
223	鸡公福救下有案底的武三郎回大院，他用实际行动证明了他想金盆洗手、重新做人的决心，得到了街坊的肯定。	0,4,6,9	6,0	
224	珠女捡到八姑的蝴蝶结，八姑冤枉是她偷的，街坊为珠女作证。	1,8,9,10,13,16	7,1	
225	发仔每次做事都很冲动，总是不分青红皂白、不辩事情真假就冲上去动手，街坊劝他做人要冷静，做事之前考虑清楚。	4,7,8,9,24	5,0	
226	刘太太黑吃黑，敲诈太子炳。	0,1	7,1	
227	阿六喝了金医生的药茶死了，其实阿六的死不关金医生事，金医生却因此而愧疚，怀疑是自己药茶的问题。	8,9,10,16	8,0	
228	祥哥看上发仔打算收他为徒，教他学开车。	4,6,7,11,12	5,4	
229	西洋蔡将瑞叔吹成阿瑞神剪。	8,9,11,12,23,24	4,2	
230	八姑为了试探荣哥喜不喜欢她就故意丢下手帕，荣哥以为手帕是阿香丢的，认为阿香喜欢他。	1,4	5,1	
231	珠女弄坏了剪刀，打算赚钱。奀妹教珠女卖烟。	8,9,12,16	4,0	
232	太子炳和瑞叔比钓鱼，让西洋蔡当证人，太子炳钓不到鱼从酒楼买鱼，太子炳给西洋蔡好处让他做假证。	0,1,8,9,11,12	4,7	
233	三六九向街坊收污染税。	6,8,10,11,12,24	2,10	
234	文浩飞机出事，脑部出现损伤，从医院跑出来来到大院，韩师奶和韩志丰以为他是逃兵。	1,7,13,17	10,5	
235	珠女自导自演写情信，让兰姨误以为她和别人私奔，整蛊兰姨。	6,8,9,16	0,7	
236	西洋蔡爸让西洋蔡娶他大嫂，奀妹假扮他女友应付西洋蔡爸。	11,12	5,7	
237	三姐花钱请交际花陷害她老公，谁知交际花认错人，陷害了太子炳，让八姑和太子炳夫妻不和。	0,1,4,7	7,1	
238	牛局长旧伤复发要用人奶入药，三六九用合同逼旺嫂当牛局长奶妈。街坊为了救旺嫂，用猪奶代替人奶，母猪做了牛局长奶妈。	1,6,23,24	3,5	
239	西洋蔡利用奀妹开金口，买花会。	1,4,7,10,11,12	4,9	
240	太子炳学牛局长改名行运，找韩志丰为自己改名“谭森林”。抢劫犯也叫谭森林，牛局长为了破案就要太子炳当替罪羊，抓他入狱。	0,1,17,23,24	2,7	
241	汉奸刘坤杀害了阿勇的家人，阿勇打算拿枪报仇。	4,6,7,10	3,5	
242	牛局长怕牛太查出他鬼混的事，就让三六九装精神病，装疯扮傻。	10,11,23,24,28	2,3	
243	太子炳旧情人阿心被人追债，阿心老公的工厂欠人材料钱，即将破产，太子炳觉得亏欠阿心，就拿了八姑的钱给阿心用来周转。	0,1	4,1	
244	金医生看小霞有病就把她带回大院，街坊认为小霞有暗病，会传染给他们，就赶走小霞。	1,8,10,11	8,0	
245	珠女、奀妹、阿香结拜为姐妹，有福同享有难同当。珠女、奀妹以阿香好姐妹的身份随意使唤发仔，令阿香生气，好姐妹变成塑料姐妹。	4,7,12,13,16	5,0	
246	韩志丰从银行失业，瞒着韩师奶说没有失业，街坊找韩志丰换钱。	1,6,13,17	4,10	
247	八姑冤枉珠女的菜干让她脚受伤，让瑞叔赔医药费，兰姨和八姑理论。	0,1,8,9,16	1,0	
248	阿香、奀妹、珠女参加姐妹会，阿香拿八姑的丝巾给珠女戴，珠女参加姐妹会却把丝巾弄丢了，为了赔偿八姑的丝巾，几人一起凑钱，但是钱不够……	1,4,8,12,16	0,1	
249	韩师奶在韩志丰身上闻到香水味，怀疑韩志丰在外鬼混。	0,1,13,17,23	5,7	
250	太子炳做生意赚到一点钱，八姑怕太子炳有钱后就抛弃自己，就想把太子炳的钱花完，以确立自己的地位。	0,1,24	1,4	
251	珠女在街上赶跑烂仔，救下阿珍，阿珍爸让珠女认他做干爹，和阿珍做姐妹。	6,8,9,16	6,0	
252	西洋蔡喜欢偷懒，奀妹就和他吵架，两人一度要散伙，街坊帮他们和好。	4,7,11,12	4,5	
253	太子炳经常忽略八姑，不关心八姑，八姑认为太子炳不紧张她，就找西洋蔡演戏刺激太子炳，被太子炳识破。迷信的范先生认为八姑旺他，就对八姑展开追求。	0,1,11,24	1,4	
254	泥水匠没钱交租被八姑赶，太子炳招惹了烂命才，太子炳请泥水匠当保镖帮他挡住烂命才。	0,1,6,11	1,6	
255	佘公子妈要佘公子和阿香相亲，可他已经有女朋友，佘公子请阿香帮忙，利用和阿香出去约会的机会逃跑，和女友私奔。	1,4,7,9	5,7	
256	高其昌卖过期罐头，西洋蔡捡到高其昌的供货单，明知是过期罐头，西洋蔡也要坚持卖。	4,6,7,10,11,12	4,8	
257	韩志丰和谭大班合作，一起卖假酒，出事后锒铛入狱。	8,9,13,17	4,10	
258	西洋蔡和外省人合租。	0,1,6,11	0,4	
259	牛局长母亲病重需要人照顾，牛局长要找回多年前失散的妹妹回来照顾母亲，八姑符合牛局长妹妹的条件，认牛局长做大哥。	0,1,23,24,28	2,1	
260	八姑、太子炳、牛局长、三六九、牛局长的二太太——八姑将太子炳送给牛局长二太太的真链换成假链，没想到误打误撞正中二太太下怀。	0,1,23,24	1,2	
261	西洋蔡被人骗，想把蔡祝行转租，奀妹不想转租。	8,9,11,12	7,1	
262	韩志丰去怨妇俱乐部当领舞员，教富太太跳舞。关太看上韩志丰，逼韩志丰去酒店陪她。关太老公捉奸，韩师奶及时赶到，韩志丰躲过一劫。	13,17	6,5	
263	阿香被土匪抓走，街坊都认为阿香失去了清白。	1,4,6,7,9	2,4,9,1	
264	刘发说三六九是军阀后人，要三六九跟他回去继承家业。后经查证，刘发为精神病人，三六九也不是军阀后代。	23,24	5,7	
265	韩志丰赌钱被人骗，拿定情信物金项链做抵押，街坊找警察帮助他拿回项链。	6,9,11,13,17	7,2	
266	奀妹不小心弄伤了西洋蔡的腰，西洋蔡借此故意为难奀妹。	11,12	4,7	
267	詹师傅找回瑛姑，教西洋蔡、奀妹学做艇仔粥。	6,9,11,12	4,0,11	
268	阿香当选为达令烟厂广告模特，但因为要吸烟导致哮喘复发，街坊担心阿香的身体，用合同做文章，让阿香摆脱了香烟模特的身份。	0,1,4,6,7,12,13	10,5	
269	三六九为升职拍牛局长马屁，向局长同乡牛东窥探局长的隐私和爱好。	23,24,26	2,4	
270	韩志丰利用花旗证券公司襄理身份卖公债给八姑和街坊，骗八姑和街坊钱。	1,6,9,13,17	4,1	
271	珠女和绮娜成为好朋友，绮娜妈为了女儿读名校，让珠女当绮娜的伴读书童。	1,8,9,11,16	0,10	
272	老山参闹剧；街坊为金医生过生日。	0,1,4,6,7,8,9,10,11,12	0,8,11	
273	太子炳北上的火车爆炸，戴添义霸占大院并且要八姑嫁给他。	0,1,4,6,7	6,1	
274	东北战况激烈，国军节节败退，上级为了稳定大局，控制民众言论，不让大家讨论东北战况，否则视为谣传论罪。	6,23,24	10,2	15:1
275	外省人顶替牛局长位置。	23,24,25,26	2,10	8:1
276	韩志丰求韩师奶让海生教他赌石，还未出师就私自赌石。	13,17,23	4,5	
277	太子炳欲想把大院改建成逍遥宫，伙同西洋蔡一起欺骗金山伯入股投资。	0,1,11	4,1	
278	三六九眼红同事押运粮食火车赚得盆满钵满，主动请缨押运列车，结果是押运汽油，三六九怕火车爆炸便办苦肉计逃脱押运职责。	6,7,9,10,23,24	2,3	
279	西洋蔡获得了一批假疫苗，便联合八姑威逼金医生为其他人打疫苗换取金钱，金医生为了不酿成大祸偷偷将假疫苗换成盐水注射给其他人。	1,10,11	8,10	11:1
280	八姑不给太子炳做生意的钱，打算省钱。	0,1,4	1,0	
281	三六九收粪溺税，鸡公福等人抗拒不交，三六九则不让收粪便的人进大院，正好有农户用番薯芋头跟大院租客换粪便，玩转三六九。	6,7,8,9,24	2,0	
282	二五八、三六九划界捉贼，牛局长设考察期给两人当大队长。	0,6,10,23,24,25	2,6	
283	瑞叔暂时保管祠堂的仿制品茶壶，拿去鉴定时由于店员能力不足看走眼将仿制品当成古董，兰姨当场想卖掉茶壶。	0,1,8,9,10,16	7,4	
284	牛局长为了怕牛太找到他的情人青青，便让青青住在大院，让西洋蔡假扮青青老公。	9,11,12,23,28	7,4	
285	二五八当卧底，怀疑蔡祝行是地下党的联络点。	6,7,12,23,24,25	3,7	
286	西洋蔡是梁醒波的戏迷，因救人错失买票的机会，被救的老人答应赠送五张戏票给西洋蔡。	0,1,10,11,12,24	9,0	
287	韩志丰做地下赌场经理。	13,17	6,4	
288	同行妒忌金医生。	6,7,10	8,4	
289	买路钱。	6,7,23,24,26	2,10	
290	西洋蔡帮奀妹买了一对价值五万元的金耳环，奀妹误以为是西洋蔡送给她的礼物。	11,12,13	4,5	
291	三六九偷金医生的阿司匹林。	10,23,24	2,7	
292	宋香萍回来了，想跟韩志丰再续前缘，韩志丰游离于韩师奶和香萍两人之间。	13,17	5,4	10:1
293	韩志丰权衡利弊后，觉得香萍更好，就跟香萍走了，狠心抛弃了韩师奶。	13,17	5,6	10:1
294	韩师奶自甘堕落。	0,6,13,23	10,5	10:1
295	太子炳和卖咸鱼的老板合作骗奀妹买下积存的咸鱼。	0,8,10,11,12	4,7	
296	发仔和阿香想去逛庙会但是八姑在家不允许阿香出门，西洋蔡就用计使八姑出门。	1,4,7,11,12,16	1,5	
297	大娣和黄老板生了儿子并答应娶她，但黄老板只要儿子不要大娣，大娣便把孩子偷了回来。	6,8,9,24	7,2	
298	金医生的手被人踩受伤无法行医，后来找不到工作尝试做洗碗工、拉车、卖鸡公榄。	6,7,10,11	8,10	
299	街坊帮助北方妹逃出恶霸魔爪。	0,1,4,7,10,13	10,0	
300	瑞叔师弟黄松新开了一家裁缝店。	6,8,9,16	4,0	
301	蔡祝行承包警察局伙食，牛局长开白条拖欠工钱。	11,12,23,24,25	4,2	
302	西洋蔡承包婚礼仪仗，请兰姨当大妗姐，西洋蔡和奀妹假扮夫妻。	4,6,7,9,11,12	9,5	
303	太子炳做假证，指证陈三江大哥是贼。	0,6,7,10	2,7	
304	八姑被抢米，为逃难跑得快减肥二十斤。	0,1,4,6,7,10	10,4	
305	八姑收买西洋蔡监视阿香和发仔。	1,4,7,11,12	1,0	
306	太子炳借总局长干弟弟的名义向牛局长借车借项链等。	0,1,23	2,1	
307	珠女小时候被四婶收养，兰姨偷回女儿。	7,8,9,16,24	7,0	
308	太子炳会神打。	0,1,24	9,1	
309	牛局长把奀妹，西洋蔡送来的怪味粽用来拜祭。	11,12,23	4,0,11	
310	兰姨当喊口婆，瑞叔当仵作。	1,8,9	10,0	
311	牛局长让一四七、二五八、三六九戒烟。	23,24,25,26	2,10	
312	西洋蔡和男人婆卢太太。	1,9,11,12	4,5	
313	凤莲丈夫前线打仗受伤，凤莲被逼无奈到舞厅做舞女，陷害韩师奶，后来老板让两人跳脱衣舞赚钱。	6,8,10,13	10,5	
314	关帝厅贩卖国家文物，牛局长被评为廉政模范。	0,1,23	2,10	
315	三六九算命要娶同样生辰八字的人，才能摆脱厄运，三六九要西洋蔡帮忙写情书，被奀妹发现，奀妹以为西洋蔡写给自己。	4,11,12,24,25	7,5	
316	太子炳拿偏方给瑞叔试药。	0,1,4,8,9,10	8,0	
317	瑞叔亲眼目睹小云被梁老板强奸，小云跳井自杀，瑞叔被梁老板威胁，不敢指证梁老板。	4,6,8,9,12	7,0	
318	牛局长吃空饷，让太子炳顶替。	0,23,24,25	2,1	
319	阿英丈夫因要上战场怕有去无回，便将妻子阿英从身边赶走，后来阿英丈夫为祈求妻子原谅让韩师奶与他同台唱《胡不归慰妻》。	0,1,6,13	10,5	
320	太子炳和外江佬做交易时遇警察办案，为避免警察从中作梗，两人商量先分开再汇合付钱，结果太子炳拿了人家祖传金戒指偷偷溜走了……	0,1,10	4,1	
321	西洋蔡和奀妹假扮相好，让奀妹装成有很多坏习惯欺骗西洋蔡妈妈。	11,12,19	4,5	
322	牛局长请金医生当西关监察员，以此为借口为警察徇私枉法提供便利。	9,10,23,24	8,2	
323	瑞叔找到一份油漆工工作，买油漆桶需要交两千元并且这份工作是认桶不认人的，阿江逃难到广州没有工作被逼无奈偷了油漆桶代替瑞叔作了油漆工……	8,9,16	10,0	
324	阿香会唱四季歌，八姑、太子炳将阿香送到歌厅当明星，但阿香并不想去，西洋蔡和奀妹知道后让阿香把机会让给奀妹，但奀妹在老板面前表现不好……	0,1,4,7,11,12	9,1	12:1
325	太子炳和八姑干妹妹有一腿，还用八姑的香水砸到了八姑的头。	0,1,4,6,7,8	7,1	
326	金医生因救有枪伤的人被查封诊所，金医生改行当喃唔佬其实仍然是靠医术救人，后来牛老太病重，三六九推荐金医生给牛老太做法事……	8,10,12,23,24	8,2	
327	波哥破产骗太子炳、八姑钱。	0,1	4,1	
328	兰姨、发仔、鸡公福三人半夜去搬货物，遇警察报案，阿财被枪杀，兰姨搬了箱子回大院，箱子里有五万元，几人因分钱产生纠纷。	6,7,9,11,12	7,10	7:0
329	牛局长欠太子炳两根金条，以出过命案的屋子抵债，结果太子炳将屋子高价卖出，牛局长又从中作梗。	0,11,23,24	4,2	
330	牛局长和上级的姨太太传过情书，结果被小偷偷走，牛局长怕情书流传到市民手中影响仕途，威逼利诱让小偷归还情书，结果小偷把牛局长耍得团团转。	23,24,25,28	2,7	
331	八姑装破产骗取遗产，结果遗产是用来办学校的。	0,1,8,10,13,24	1,10	
332	宋君秋是韩志丰的朋友，想帮助韩师奶但事与愿违。	4,6,7,8,13,17	5,10	
333	上级开展肃贪运动，牛局长为躲避检查将古董茶壶藏到八姑家，八姑不小心将手卡在茶壶里拔不出来，三人为将茶壶从手中解脱出来想尽办法。	0,1,10,23	2,1	
334	兰姨一家欠债，珠女为了帮衬家里，骗兰姨说自己去舞厅卖烟，实际到舞厅打杂。事情被兰姨发现后，兰姨责怪韩师奶带坏珠女；后来珠女擅自收客人小费，为别人牵线搭桥……	8,9,13,16	10,0	
335	阿娟不愿嫁给有钱老头便用漆油涂脸导致脸上长红疹，阿娟爸妈诬陷认为是阿香教阿娟这么做的，阿香和阿娟同样都是养女……	0,1,4,7	1,2	
336	阿秀因生不出孩子又克死老公被婆家赶出来住在大院里，又通过八姑认识了有钱人陈太太，想介绍陈太太的表哥给阿秀，结果陈太太等人骗阿秀赌钱……	1,9,11,12	10,7,0	
337	陈师长看上阿香要给他爹冲喜，陈师长爹来了没看上阿香，却相中了八姑，要八姑帮他冲喜。	0,1,4,7	6,1	
338	一个舞女为躲避警察搜查将解放区的钱放进太子炳口袋，钱被八姑看到，街坊说是解放区的钱，八姑把钱交给牛局长。	0,1,6,9,23	4,2	
339	西洋蔡让兰姨帮他看奀妹和他的生辰八字，兰姨说奀妹的八字强势，会影响西洋蔡命格，兰姨给他说出化解方法。	6,9,11,12,13	4,5	
340	水费涨价，大院水龙头八姑说交钱才能用，街坊没水冲凉，只能用井水冲凉。	1,6,8,10,23,24	0,1	
341	电影公司选西关天使演员，韩师奶帮阿香培训西关小姐礼仪，却不想成功通过面试。导演看中韩师奶，陪睡就可以出演女主角，韩师奶拒绝。	0,1,4,12,13	10,5	
342	三六九和西洋蔡争救吝啬陈父亲的恩人，三六九成功争到，却被吝啬陈反咬一口说三六九撞倒了他父亲。	11,23,24	4,2	
343	太子炳鬼混怕被八姑知道，恰巧看见瑞叔，就答应给瑞叔掩口费帮他背锅。	0,1,6,8,9	7,1	
344	发仔为了照顾患贫血的好友阿娴，四处借钱。	4,7,11,12	5,0	
345	太子炳将一个有问题的留声机借给西洋蔡，并和西洋蔡签合约，留声机有问题要西洋蔡原价赔偿。	0,1,11,12	4,1	
346	三六九无意中拿了牛局长的一份重要文件，这份文件关乎牛局长的身家性命。	0,23,24,25	7,1	
347	西洋蔡回大院时撞到了偷内衣的贼，八姑误以为是西洋蔡偷了内衣，正好警察经过便抓走了西洋蔡，金医生和奀妹做担保将西洋蔡救了出来……	1,4,10,11,12,25	7,2	
348	八姑去喝喜酒，太子炳独自回家发现家中有贼，因嗓子哑了无法求救，两人扭打在一起，后来太子炳摔下楼梯晕在门口，这时八姑回家推不开门……	0,1	7,1	
349	舞客在韩师奶门前打架，发生命案，八姑和街坊认为舞女是非多，对韩师奶没好脸色。	1,9,13	6,5	
350	兰姨冒充龙大当家。	9,11	0,1	
351	金医生参加同学的开业酒席后受到刺激，将招牌拆下不营业，成天酗酒度日，也不与人说话，兰姨等人便为金医生求来一只增寿鸡，希望金医生身体健康……	7,8,9,10,12	8,0	
352	太子炳在祠堂求得一个增丁壶可保佑其开枝散叶，但是八姑的肚子一直没动静，金医生解释说年纪大了很难有孕，太子炳不信邪……	0,1,4,7,8,9,10	10,1	
353	西洋蔡要去外地收钱，路口因为查共党份子被设路卡，身份证核实了才可以通过。	1,6,7,10,11,24	10,4	
354	政府规定民众要在规定时间将手中货币换成金圆券，大家纷纷排队换钱。西洋蔡让街坊排队，收取茶水费。	0,6,7,9,11	10,4	
355	太子炳自导自演，假装自己被绑架，骗八姑拿钱赎他。	0,1,4,6,7,24	7,1	
356	西洋蔡和发仔捡到一包钱，发仔要把钱还给失主，西洋蔡想把钱分了。	4,7,11,12	5,0	
357	牛局长要韩师奶去慰问国军。	0,6,10,11,13,23	3,1	
358	兰姨听说米价要上涨，就借钱给奀妹买米，奀妹答应还米给兰姨。	6,9,12	10,5	
359	阿月以为老公死了就精神失常，错把鸡公福当老公。	1,6	10,5	
360	共党份子阿妍、长安为躲避追捕，化身租客躲进大院，街坊帮助他们逃跑。	0,1,4,7,9,24	5,0	
361	米铺没米卖，街坊没饭吃，只能在大院挖野菜吃。八姑怕街坊没饭吃上来抢米，只能开仓赈济街坊，共渡难关。	1	10,1	
362	卢根不想打内战当了逃兵，因为救人受了伤被金医生所救，被当成咏春师傅梁壁。	10,24	3,8	
363	八姑听说太子炳和舞厅的销魂英要坐飞机去上海谈生意。	0,1	7,1	
364	金医生老同学李维开了间医院，邀请金医生去他医院任职。他让金医生给病人开高价药，金医生说他黑心，没有医德，离开了医院。	10	8,10	
365	陈六被警察冤枉成杀人犯蒙受十年牢狱之灾，释放后想找回自己的女儿。	10,16,25	7,10	
366	太子炳以前偷税漏税都找三六九摆平，可这次三六九不能摆平。	0,4,13,24	2,1	
367	西洋蔡嫌弃奀妹说话粗鲁、行为野蛮、是乡下蕉土特产，刺激她什么时候能像西关小姐一样，打扮潮流、说话斯文、举止得体。	11,12,13	5,10	
368	太子炳玩完陈塘小红没钱给，让小红下午来他家找他拿钱，小红为了怕太子炳赖账就将她的内衣放在太子炳身上。	0,1,4,9,10	7,1	
369	牛局长听说上面要调胡军长为广州市警察局长，又听说胡军长的姨太喜欢跳舞，为巴结胡军长，投其所好，牛局长安排一四七接近胡姨太。	23,26	2,10	
370	康爷让太子炳打游行的学生，太子炳觉得有危险就打算找替枪代替自己。	0,4,6,7	10,1	
371	太子炳为了拿好处死皮赖脸认官员向九为干爹，不曾想向九死了，一点好处没拿到。	0,1	4,1	
372	太子炳、八姑回乡下，临走时让阿香看管好家，太子炳着重强调看好的他的古董夜壶。	0,1,4,7	1,0	
373	白额虎在街上和太子炳发生矛盾，争吵之际，牛局长看中了他的项链，就摘下来据为己有。	0,23,24	2,1	
374	于公子看上韩师奶的姿色，但韩师奶不从。	13	6,5	
375	太子炳、八姑为了军需配额生意求李处长办事，但李处长不给机会。	0,1,13	4,10	
376	西洋蔡喝醉酒无意间闯入牛局长和情人房间，为了西洋蔡乱说节外生枝，牛局长把他关进监狱。	11,23	2,4	
377	牛局长请张局长吃昆虫宴。	23	2,10,11	
378	阿香想要做自己的嫁衣，但是八姑以为她想男人不让她做。珠女和奀妹为满足阿香愿望，打工赚钱送给阿香嫁衣。	1,4,12,16	5,0	12:1
379	牛局长为了执行戡乱法令，让一四七、二五八、三六九每人每天抓三个犯人以完成任务。	12,23,24,25,26	2,10	
380	卖花女小晴为了安葬父母不得已借了高利贷。	7	10,5	
381	八姑买字花中了头奖五千万，三六九知道她中奖想来分一杯羹，遭到了她的拒绝。	0,1,24	9,1	
382	北方战乱，局势紧张，北方人大量南下，八姑大院的房间供不应求，收房租收到手软。	1,11	10,1	15:1
383	鸡公福同乡阿球滥赌，没钱赌就赌上自己儿子，被鸡公福阻止。	6	10,0	
384	西洋蔡要送青梅竹马阿爱一起坐船回乡下，奀妹误会她和西洋蔡的关系，以为她要把西洋蔡抢走。	11,12	5,4	
385	太子炳、八姑为了赶走街坊然后高价租给北方人，就利用娃娃鱼装神弄鬼。鸡公福无意中知道他的诡计后告知街坊，用同样的计划整蛊了太子炳、八姑。	0,1,6	9,1	
386	拐卖少女团伙拐走了珠女和阿香，为救两人街坊让奀妹以身做饵引出人贩子，救出珠女阿香。	4,12,16	6,0	
387	太子炳听大师张铁嘴说改了名可以风生水起、大富大贵，在抽奖的时候用了梁金瑞这个名使他抽中大奖就更使他深信不疑，就给自己改名叫梁金瑞。	0,8,9,23	9,1	
388	警局贴告示，在大院征一名苦力北上，太子炳、鸡公福、发仔均在名单之列。	0,6,7,24	3,10	
389	西洋蔡和太子炳从舞厅各带回了一只相同的手帕。	0,1,4,7,11,12	7,1	
390	舞厅老板要裁员，韩师奶被牛局长马局长同时看上，为了不被炒鱿鱼又可以做到出淤泥而不染，韩师奶只能在牛马两位局长之间虚与委蛇，玩危险游戏。	13,23	6,5	10:2
391	太子炳给西洋蔡现金让西洋蔡帮他买黄金。	0,11	4,1	
392	瑞叔、兰姨珠女一家三口在街上走，瑞叔被骑单车的撞倒，骑单车的不仅不道歉，还拿出刀抢了他的钱包。	8,9,16	10,0	
393	奀妹姐妹阿满看奀妹为生活奔波很辛苦，就劝她嫁个有钱人，还说做得好不如嫁得好。	11,12	5,4	
394	太子炳继承何三姑遗产，第一次发达。	0,33	4,1	0:2
395	太子炳继承何三姑遗产后，成天在外鬼混不着家，八姑气不过就用太子炳的钱进行报复性消费。	0,1	1,4	
396	太子炳带八姑出去应酬，八姑闯了很多祸让他很没面子。	0,1,13,23	1,4	
397	牛局长没有抓到太子炳在黑市黄金市场交易的证据后，就心生一计，让牛太放出风声说面粉大升价，等太子炳囤积居奇后在治他的罪。	0,23,28	2,4	
398	鸡公福和太子炳在大院发生矛盾，太子炳横行霸道、恶人先告状、欺负完鸡公福后洋洋得意，鸡公福怀恨在心。	0,6	1,0	
399	韩师奶不顾个人危险从麦会长手里救下舞女晶晶丽丽。	13	6,5	10:2
400	阿强倒卖军粮被枪毙，他生前让西洋蔡帮他保管一袋米。街坊知道西洋蔡有米，来向他借，西洋蔡不想卷入军粮案，就对街坊说没米。	11	10,4	
401	珠女看瑞叔年纪大了，怕冷，想织一件毛衣给父亲。	8,11,16	5,0	
402	太子炳送八姑一只狗，八姑很喜欢。	0,1,11,24,28	0,2	
403	太子炳有钱了就忘乎所以、不可一世、不把任何人放在眼里，破坏了牛局长的舞厅交易，得罪了牛局长。	0,23	4,2	
404	太子炳买下舞厅做了老板后，因为没背景没后台，所以经常受到各方势力的欺负和敲诈。	0	4,6	
405	一个兵痞因为奀妹会唱中山咸水歌就抓奀妹进房间与他共处一室，奀妹与他周旋伺机逃走，西洋蔡想办法救出奀妹。	11,12	6,5	
406	李真人骗八姑开养生馆，利用养生馆招摇撞骗。阿香告诉街坊，街坊揭开李真人的真面目。李真人利用八姑急于怀孕的特点，想骗八姑和他双修，被太子炳阻止。	0,1,4	9,1	
407	瑞叔误打误撞医好了牛局长岳父的病。	8,23	7,2	
408	牛局长让三六九抓私烟犯。	11,23,24	2,4	
409	西洋蔡和奀妹发生矛盾，西洋蔡好友阿春趁虚而入，撬西洋蔡墙角。	11,12	5,4	
410	牛局长为了太子炳舞厅的股份天天派人去搞破坏，太子炳不堪其扰。	0,4,13,23	4,2	
411	原舞厅领班大姐阿月和韩师奶争风吃醋，八姑怕韩师奶抢走太子炳就和阿月合作，一起陷害韩师奶。	0,1,13	6,5	
412	三六九不分场合让牛局长在上级面前出丑，还出馊主意让牛局长打了张处长的公子，为了平息张处长的怒火，牛局长将三六九革职。	23,24	2,4	
413	太子炳出差，八姑眼红韩师奶在舞厅拥有管理权，又经三六九的唆使，就想夺回舞厅管理权，赶走韩师奶。	0,1,13,24	4,1	
414	牛局长想利用差馆装修贪掉上交的资金。	11,23,24	2,10	
415	丘富出场。	29	6,0	9:0
416	瑞叔没钱交租被八姑赶，丘富替瑞叔出头整蛊太子炳、八姑两人。	0,1,8,29	6,1	9:0
417	丘富斗牛局长。	23,29	3,2	9:0
418	丘富将战友妻子小荷安置在大院，街坊以为小荷是陈塘妓女，看她不起。	29	3,0	
419	牛局长的堂侄将牛局长受贿所得的烟酒拿出来卖，知情的一四七知道三六九立功心切，诱导他牛局长堂侄是洋烟失窃案的罪犯。	23,24,26	2,7	
420	八姑为了进慈善会得到刘太的帮助对付太子炳，就做假慈善，沽名钓誉，被太子炳知道后破坏了八姑的计划。	0,1	4,10	
421	发仔为了帮阿丁出头，得罪了骆营长，骆营长四处找发仔想拉他做壮丁。丘富为了保护发仔把他藏在自己身边，却被街坊误会他公报私仇，拉发仔入伍当炮灰。	7,29	3,5	
422	阿旺逃婚从乡下来到珠女家，兰姨一家收留了他并且当女婿培养。	8,9,16	5,0	
423	韩师奶见丘富裤裆破了，使眼色让他注意形象，丘富会错意以为韩师奶喜欢他，对他暗送秋波。	13,29	7,3	
424	西洋蔡为了赚钱，做结鬼亲生意。	11	4,9	
425	八姑因为看韩师奶不顺眼所以就想报复她。	0,1,13,24	7,1	
426	丘富牛局长为了一批货物展开较量。	23,29	3,4	
427	牛局长让二五八照顾母女阿彩与阿好。	23,24,25	2,5	
428	太子炳舞厅三天两头被地痞骚扰，为了做生意，太子炳请丘富帮他看管舞厅。	0,29	3,4	
429	西洋蔡从朋友那得到一本测试是否为好女孩的书，他对照书中问题测试奀妹，测试结果说奀妹是个泼辣刁蛮的人。	11,12	5,4	
430	二五八看见三六九被人拉进商会年会，以为三六九是商会会长亲戚，三六九打蛇随棍上，为了虚荣心承认了这点。	23,24,25	5,0	
431	太子炳有钱后经常不回家，在外面搞三搞四，八姑在家天天吵闹。韩师奶劝八姑不要为了花心男人而伤心，女人应该要自强。	0,1,13	5,1	
432	西洋蔡和别人合伙做假招牌冒充老字号生意，兰姨把西洋蔡泡在河里的招牌带回家，西洋蔡为了交差，从兰姨家偷招牌，被街坊发现。	9,11	4,7	
433	牛局长利用一幅画让太子炳和司徒给他送好处。太子炳发现牛局长的计划后，写检举信举报牛局长，被牛局长摆平，牛局长拿着举报信敲打太子炳。	0,23	2,4	
434	丘富见奀妹西洋蔡两人拍拖却没有实质性进展，为了两人更近一步，就用手铐把两人锁在一起。	11,12,29	5,0	
435	发仔惹阿香生气，珠女给他出谋划策，让他写信给阿香求得阿香原谅。	4,7,8,9,16	10,4	
436	发仔收留一个患有老年痴呆的老人，老人把发仔当成自己儿子。一四七向街坊说老人为孤老院走失，带走老人。	7,26	5,0	
437	北方战乱，时局动荡，北方人大量南下，百货市场供不应求。	1,11,12,23	10,4	
438	八姑被拆白党吴德利敲诈，三六九抓住吴德利。	1,24	7,2	
439	吴致礼撞伤珠女，态度蛮横只想用钱解决，街坊请牛局长秉公执法，还珠女一个公道，但牛局长遇到民国版“李刚”，迫于权势不得不放了他。	16,23	2,10	
440	西洋蔡为学习开茶楼经验去茶楼当伙计，认阿权做师傅。	11,12	4,0	
441	八姑自己家里不合就挑唆兰姨和瑞叔夫妻二人的关系，弄得一地鸡毛。	1,8,9	1,0	
442	太子炳拿金医生的凉茶当祖传养生汤，专治上火。	0,10	8,1,11	
443	共党棠哥扮成龙舟佬，三六九为抓共党封住大院，鸡公福唱龙舟掩护棠哥撤离。	6,24	3,2	
444	太子炳以八姑生不出孩子为理由，光明正大养二奶，还搬出去住。	0,1,9	1,5	0:8
445	西洋蔡想去趟国外，见见世面。	6,11	4,10	
446	丘富要瑞叔在兰姨面前抬起头，不要做一个怕老婆的男人，瑞叔听了丘富的话回家和兰姨理论，兰姨生气后就把瑞叔赶出家门。	8,9,29	0,1	
447	太子炳为头发少而烦恼，使用了各种方法长头发，结果却不如人意。西洋蔡卖给太子炳生发药，被金医生认出是给绵羊用的。	0,10,11	8,1	
448	牛局长为了晋升考核，狠抓治安，不让小摊小贩在街上摆摊做生意。	23	2,10	
449	雷二少想害死雷老爷谋家产，随后让金医生背黑锅，金医生不顾个人安危治好雷老爷。	10	7,8	
450	小蝶和其他师奶设局，骗太子炳、八姑入会，入了会的太子炳让大家入股，小蝶携带股东会费逃跑，太子炳当替罪羊。	0,1	4,7	
451	辖区出现飞天大盗，王虾、黎秋水粗暴搜查引发街坊投诉。牛大春调来女警协助办案，女警卧底识破伪装成大盗的老伯，成功将其抓获。牛大春训斥王虾、黎秋水败坏警局形象。	23,24,25	2,7	
452	珠女不小心撞到了刘阿婆，被刘阿婆的儿子敲诈，让兰姨瑞叔赔医药费。	8,9,16	0,7	
453	兰姨做银花娘娘。	9	9,0	
454	太子炳和洪老板做生意，洪老板喜欢和夫妻关系和睦的人做生意。为了做成这笔生意，太子炳让八姑演戏，在洪老板夫妻面前假装夫妻和睦。	0,1	4,1	
455	西洋蔡把凶车进行翻新当新车卖给牛局长和太子炳。	0,11,23	4,2	
456	发仔和阿顺结拜为兄弟，发仔为了救大哥答应烂仔荣去北上当兵，阿顺以揭露国军勾结黑帮私抓壮丁的证据为要挟，要求烂仔荣用自己北上当兵换掉发仔……	7	6,5	
457	瑞叔想买一双绣花鞋给兰姨，但兰姨嫌贵。	8,9	5,0	
458	三六九以结婚为由来逃避去战区送物资。	24	2,3	
459	马厅长看上阿香，太子炳为攀附马厅长要将阿香嫁给他，阿香不从，和发仔私奔。	0,4,7	5,1	4:3
460	八姑想偷玉嫂上汤的秘方，让玉嫂来她家里煮云吞，鸡公福为了玉嫂的上汤秘方不被八姑偷去，用毛巾上汤骗过八姑。	1,6,15	0,4,11	
461	八姑因为贪吃榴莲饼总流鼻血，大师看到这点，就说她有劫难，要放生乌龟并且在乌龟背上刻上自己名字才能化解。	0,1,11	9,1	
462	杨世荣强迫阿秀嫁给他父亲冲喜，丘富为了救阿秀说他强奸了阿秀，坏了阿秀清白，杨世荣放过阿秀，街坊送阿秀离开。	29	6,0	9:1
463	二五八和三六九挪尸。	24,25	2,7	
464	西洋蔡欺骗小红感情，让小红为自己赚钱。	11	4,5	
465	太子炳、八姑为富不仁，刻薄磨刀师傅，只给很少磨刀费。	0,1,23	1,4	
466	市政府招聘裁缝做军用物资，瑞叔、兰姨为了得到这个机会，打算送礼给刘科长。	8,9	4,2	
467	牛局长不喜欢高佬，作为高佬的二五八很烦恼。	23,25	2,0	
468	兰姨做梳头婆；兰姨姐妹阿凤做太子炳情人。	0,9	5,1	
469	大师使用“中金术”骗八姑钱。	1	9,1	
470	城中瘟疫肆虐，大院成了疫区，阿香得了瘟疫危在旦夕，发仔舍命相救。	4,7	10,5	
471	西洋蔡喜欢奀妹，对奀妹好，但又放不下面子当面对奀妹说喜欢奀妹。	4,11,12,25	5,4	5:2
472	太子炳亲戚痴利根找太子炳，要太子炳捐钱修葺祠堂，太子炳为了善人名声应允。	0	4,1	
473	奀妹认为和西洋蔡确定恋爱关系了，西洋蔡应该和自己花前月下诗情画意。	11,12	5,4	
474	韩师奶帮助姐妹敏仪逃走，帮助牛局长破获大案。	13,23	3,2	
475	发仔卖香水，竞争对手大烂财卖臭豆腐。	7	4,7	
476	学生哥喜欢珠女，但因为三观不合适分开。	16	5,0	
477	丘富与瑞叔。	8,29	3,0	
478	西洋蔡拿送给奀妹的雪花膏卖给发仔。	7,11,12	4,7	
479	发仔会开锁。	7	4,0	
480	阿昌教西洋蔡奀妹做濑粉。	11,12	4,0,11	
481	三六九的警服被乞丐偷走了。	24	2,7	
482	丘富准备戒酒，但因为各种原因不得不破戒。	29	3,0	
483	牛局长为了让韩师奶做他的情人就冤枉韩师奶卖鸦片，韩师奶将计就计请丘富帮忙，让牛局长解除韩师奶卖鸦片的罪名。	13,23,29	3,2	
484	连云儿子找瑞叔报恩，说瑞叔当年救了他爸，并带来了衣服给瑞叔看，瑞叔认出衣服不是他做的，是高师傅做的，就是说瑞叔不是救命恩人。	8,9,16	7,0	
485	二五八给西洋蔡出谋划策，和奀妹拍拖要亲到奀妹才算搞定奀妹。西洋蔡喝醉酒错把发仔当奀妹，亲到发仔。	7,11,12,25	5,4	
486	牛局长欠太子炳钱不还。	0,23	4,1	
487	为了解封舞厅，太子炳让八姑去银行行长家做佣人。	0,1	4,1	
488	林福、蒋宏发救下受伤男子。牛大春、王虾奉命搜捕并封锁大院。林福查明男子实为帮派中人，被内部陷害诬告。林福设局引警察与帮派火拼，拆穿借刀杀人的阴谋。	6,7,23,24	3,7	
489	西洋蔡向魔术师通叔学魔术。	11	4,7	
490	牛局长量身招聘一位女文员，珠女异想天开与人竞争。	16,23	5,0	
491	童子尿煮鸡蛋。	10	2,0	
492	三六九和二五八被评为最佳拍档，牛局长让三六九和二五八保管玉观音，一四七趁他们熟睡偷偷拿走玉观音，让他们狗咬狗。	23,24,25,26	2,7	
493	兰姨一时生气就当着众人面打瑞叔，这事传得街知巷闻，为了防止大家指指点点，兰姨就和瑞叔假扮老公打老婆演戏。	8,9	0,1	
494	鸡公福为了自救要去应聘监督员，请黄科长吃饭，发仔为了省钱买了吴老板的便宜烧鹅，黄科长吃了烧鹅后生病住院。	6,7	4,7,11	
495	八姑为了在太太们面前有面子就说太子炳给她买了一条名贵的钻石项链，并用计让太子炳给她买下项链。	0,1	1,4	
496	丘富窃走军粮接济兄弟。	29	3,4	
497	蔡妈打算用给奀妹的聘礼钱救奀妹父亲。	12,19	5,0	
498	太子炳为了做成走私酒水生意，帮牛局长介绍小曼和小兰，牛局长游走于两个情人之间。	0,23	2,7	
499	牛局长和马局长的斗争。	23	2,4	
500	牛局长和马局长相斗，牛局长棋高一招，笑到最后。	23	2,4	
501	兰姨要将珠女嫁给有钱人家，但人家嫌弃兰姨家穷看不起兰姨家。	9,16	5,0	
502	八姑多年前害过金医生，现在想做一些补救措施，弥补金医生。	1,10	8,1	
503	八姑让西洋蔡偷师碌鹅配方。	1,11	4,1,11	
504	金医生，鸡公福，瑞叔吃挂绿荔枝。	6,8,10	8,0,11	
505	补鞋仔喝外国汽水，好环境喔。	7	4,0	
506	瑞叔身体不好，又听说兰姨是双夫命，就想让兰姨改嫁。瑞叔有意撮合兰姨和鸡公福。街坊让兰姨再嫁一次瑞叔，解开瑞叔心结。	6,8,9	5,0	
507	丘富抢军用物资。	29	3,6	
508	庄先生因为书院关门失业，饿晕在路边被金医生带回大院。庄先生不接受街坊的施舍，不吃嗟来之食。为了帮庄先生，街坊想办法让庄先生收下钱。	10	8,0	
509	八姑和太子炳斗气，签下协议，谁乱花钱就算违规就要无条件给对方花钱，并且让阿香做监督人。	0,1,4,6	1,0	
510	牛太寄养在八姑家的狗不见了，三六九为了查案，展开联想，用假设法查案，说大院街坊都有偷狗嫌疑，结果循环到自己头上，街坊说三六九是偷狗贼……	1,24,28	7,2	
511	八姑为了在经济上抗衡太子炳逼阿香嫁给有钱的黄德全，为了不让八姑的计谋得逞，街坊请丘富帮忙，说太子炳已经答应将阿香嫁给师长，逼黄德全知难而退。	0,1,4,29	1,3	
512	阿娣捡到丘富的钱包还给丘富，两人相识。	24,25,29	5,3	
513	刘定坚出场；刘定坚将变卖田产的钱买了一堆假古董。	5	4,7	3:0
514	刘定坚与人谈生意，送鸦片和女人给合作方，合作老板不敢收，刘定坚做顺水人情将鸦片和女人送给太子炳。	0,1,5	4,1	
515	八姑打算给刘定坚娶妻，刘定坚的狐朋狗友说娶舞厅交际花有面子，比如像韩师奶。	1,5,13	5,1	
516	八姑看到兰姨和街坊在看她的全家福照片，就嘲讽兰姨一家穷鬼拍不起全家福，并拿出可以免费拍照的贵宾券炫耀。	1,4,8,9,16	0,1	
517	太子炳舞厅生意不好，韩师奶提出让太子炳花钱做广告宣传来招揽生意。	0,4,13	4,1	
518	八姑听说没有户口的青年要去当兵，让太子炳找牛局长给刘定坚兰入户口。	0,1,5,23	2,10	
519	阿丽在街上流浪时无意间听到瑞叔说他当年和相好黄桂芳拍拖的事情，就打算冒充瑞叔的私生女，让瑞叔养她。	8,9	7,0	
520	发仔看见有小偷抢钱包就路见不平拿回了钱包，谁知没确认身份就让人冒领了钱包。	4,7,12,24	7,5	
521	太子炳出车祸住院、昏迷不醒、危在旦夕。	0,1,5,13	7,1	
522	太子炳为了舞厅生意，想出了举办拉闸派对的主意。	0,13,29	4,1	0:3
523	八姑家楼梯年久失修又被白蚁啃噬，存在很大安全隐患，街坊为了阿香上下楼梯安全就自作主张修好了楼梯。	1,4,6,7	0,1	0:3
524	丘富没有参加湘西会战，但会战的唯一幸存者老丁愿意为丘富作证去领军功。	29	3,7	0:3
525	刘定坚骗太子炳说他犯太岁最近有血光之灾，不宜出门，八姑说高家祠堂有把风水关刀，它不仅能庇佑平安还能招财进宝。	0,1,5	9,1	0:3
526	太子炳为了舞厅生意，推出住家服务，将舞女扮成良家妇女，服侍暴发户高公子。	0	4,1	0:3
527	方老板因为有急事需要回乡下所以就想把凉茶铺转让出去，他觉得金医生最合适接手，金医生为了帮忙接手凉茶铺。	10,11	8,4	
528	丘富无缘无故被人说有个儿子，还说勾搭上阿莲，对阿莲始乱终弃，营长拿出丘富的军官证当做证据让丘富照顾这个孩子。	1,29	3,0	
529	太子炳欠三六九看管舞厅的钱，太子炳不想给三六九就用舞票代替，两人开始斗智斗勇。	0,24	4,1	
530	太子炳无意间听到邓老爷要给生活不能自理的邓小姐找上门女婿照顾她，太子炳想到让刘定坚做邓家女婿，摆脱这个麻烦，省得在家里无所事事。	0,1,5	1,4	
531	阳少唆使刘定坚让太子炳给他买舅仔鞋。	0,5	4,1	
532	三六九欠别人钱，无意中听到了接待陈老太爷有好处，就想到个还钱的机会。	0,1,23,24	2,4	
533	金医生老战友刘山卖假代乳粉，刘山收买金医生遭到金医生的拒绝，金医生劝他回头是岸未果。	10,23	8,10	
534	八姑和丘富喝醉酒后无意间共处一室，太子炳得知后认为八姑给他戴绿帽要跟她离婚，丘富八姑向太子炳解释清楚。	0,1,29	7,1	
535	南洋富商陈皮死后有大笔遗产无人继承，陈皮在广州有私生子，陈皮师爷在广州寻陈皮私生子回南洋继承遗产。	0,1,5,7,11	4,10	
536	邢副厅长喜欢鹰，符副厅长喜欢虎，这两人都是正厅长有力竞争者。太子炳为了巴结即将上任的两人，进行送礼，没想到还是押错了宝。	0	4,2	
537	金医生救了一位游方郎中李普济，李普济见他仁心仁术就送给他救济丸秘方。	1,10,11	8,10	
538	许多军官遭到榄核袭击，丘富背鸡公卖榄想引出凶手。袭击军官的是唐师长公子，因为憎恨军人，所以用榄核来报复。	29	3,0	
539	发仔与阿香约会，发仔看街上女孩穿高跟鞋入迷，阿香会意。	1,4,5,7,11,12	5,0	
540	太子炳求黄局长办事。	0,11	4,1	
541	兰姨奀妹在市场挑鸡，兰姨看中了奀妹手中能下蛋的鸡，就说这只鸡是病鸡自己买走。在大院中，两只鸡被瑞叔和西洋蔡弄混，两家关于鸡的问题闹起矛盾。	8,9,11,12	0,7	
542	太子炳嫌刘定坚败家，在家碍手碍脚，让他去蔡祝行打工。但刘定坚习惯了养尊处优的生活，不愿干活，就让八姑给他钱买通西洋蔡，在太子炳面前演戏。	0,1,5,11	4,1	
543	牛局长让三六九代替自己去和街坊拍光复节合照，利用技术把三六九换成自己，然后用合照应付牛太，自己去和情人幽会。	23,24,28	2,7	
544	刘定坚扮蒙面贼吓唬街坊，让街坊给他钱，他维护大院治安。	4,5,24	4,1	
545	瑞叔帮神父量衣服不小心带走了贴有邮票的信。	0,8,11	7,0	
546	丘富与太子炳演大戏《大闹狮子楼》。	0,29	9,3	
547	三六九的三叔公要来，三六九假扮局长来证明他今时不同往日，牛局长配合他表演扮演三六九。	23,24	2,7	
548	一四七和三六九争功，三六九陷害一四七，抢了功劳被牛局长升为队长，一四七被降职。	23,24,26	2,4	
549	上面做军火走私让阿虾做替罪羊，丘富为救阿虾做他的行刑官，暗中救下阿虾。阿虾弟弟阿蟹误会丘富是杀害他哥哥的凶手，要帮大哥报仇。	29	3,7	
550	做船运生意的带水根看上了韩师奶，韩师奶也喜欢他，两人好事将近。	0,13	5,4	
551	牛局长和太子炳喝酒让舞女添添陪酒，牛局长灌添添酒致使她酒精中毒，昏迷不醒。	0,23	2,7	
552	三六九错把抢劫犯当成县长爸爸。	24	7,2	
553	兰姨做猪脚姜，发现有人偷吃，因为奀妹的发夹落在瓦煲附近就怀疑是奀妹吃的。西洋蔡用计抓出了偷吃猪脚姜的八姑。	1,9,11,12	0,1,11	
554	刘定坚无意中救了丘富，丘富为还他人情上刀山下油锅。	5,29	3,0	
555	导演选妹仔演员，阿香和奀妹约好共进退，要报名一起报，或者都不报。太子炳擅作主张给阿香报名，奀妹误会阿香瞒着她报名。	0,4,12	9,5	
556	牛局长为争取到疫区专项资金和太子炳合谋，让大院成为疫区。	0,23	2,10	
557	兰姨在街上遇到一个很像鸡公福老婆的女人阿秀，兰姨见她无依无靠就想给他找个男人并带她回大院。	6,9	7,0	
558	国军军官崔连长以舞女芳芳大哥为要挟，强迫芳芳做随军夫人。金医生假扮高官堂弟，狐假虎威吓跑崔连长，救下芳芳。	10	3,8	
559	西洋蔡想把妈妈嫁给周老板。	11	4,5	
560	太子炳不想借给刘定坚钱就装聋，被刘定坚破坏了一单大生意。	0,5	7,1	
561	鸡公福因为遇到土匪打劫受伤，没钱交租被太子炳、八姑赶出大院。	0,1,6	10,1	
562	阿昌要和阿琴相亲，但是阿昌觉得自己配不上阿琴就让发仔代替自己，成全发仔和阿琴。	4,7	5,7	
563	王厅长来到警局看到警局乌烟瘴气，人员精神涣散、作风纪律差、上班打牌，要牛局长整顿警风纪律。可惜雷声大雨点小。	23	2,10	
564	太子炳去外地谈生意，让八姑打理舞厅生意。	0,1,13	4,1	
565	西洋蔡供给武大哥艇仔粥，武大哥供给西洋蔡辣椒萝卜粒，合伙做生意。	11	4,0,11	
566	刘定坚气喘发作，好友漏口钟告诉他一个偏方用羊肉治气喘，结果刘定坚把羊肉听成了人肉。先用紫河车不起作用，刘定坚让八姑割肉给他，八姑用猪肉骗他。	1,5	8,7	
567	杀人犯劫持西洋蔡和奀妹。	11,12	6,4	
568	税收官私自加税让三六九向街坊收税，为了不交高税，大家利用修葺房屋的借口拖延交税时间。	24	2,10	
569	八姑最近鸿运当头，怎么打麻将都赢。不会察言观色的八姑，让陪她打麻将的官员太太输钱，太太们输不起就找各自老公出手，为难太子炳，不让他做舞厅生意。	0,1	9,4	
570	金医生因为要收到一笔酬金，所以承诺街坊吃大餐。	6,10	8,0	
571	太子炳给八姑打电话说他有一笔十万元钱放在钱袋里，八姑听电话时和刘定坚讲话没听到太子炳说的。八姑把钱当成洗衣钱给了兰姨。	0,1,5,9	7,1	
572	发仔救了被车撞的人，却被牛局长说成是发仔肇事撞人。街坊找出目击证人，牛局长以证据不足不予受理。街坊请丘富帮忙，登报高价悬赏肇事者，救出发仔。	7,23,29	7,2	
573	太子炳让西洋蔡奀妹为他和阿珍做私房菜，遇到八姑捉奸，太子炳让阿珍假扮厨师蒙混过关，被八姑识破。	0,1,11,12,24	7,1	
574	刘定坚当魔术师。	5	4,0	
575	太子炳请丘富看管舞厅，但丘富总搞破坏。好不容易送走丘富，牛局长又来了。	0,23,29	3,4	
576	瑞叔因为一盆花误会兰姨，认为她有奸夫，两人争吵下，瑞叔打了兰姨，兰姨离家出走。	8,9	7,0	
577	八姑在蔡祝行逗留，回家后发现丢了一只钱包。	1,4,11,12	7,4	
578	八姑的乌鸦嘴，牛局长让八姑诅咒赵区长，八姑被赵抓入狱。	1,23	2,7	
579	七夕节，奀妹送给西洋蔡手套，西洋蔡因为忘记节日没有事先准备，就把买给瑞叔的戏票送给奀妹。奀妹知道后和西洋蔡闹矛盾。	8,11,12	5,4	
580	瑞叔朋友青山和瑞叔喝酒，喝多了回家后长时间没醒，青山老婆阿彩就冤枉瑞叔青山会这样是他造成的，让瑞叔赔钱。	8	7,0	
581	太子炳为了让阿婷进门，和阿婷合作说刘定坚让阿婷怀孕。	0,4,5	5,1	
582	阿娟请发仔假扮他男友摆脱烂仔强的追求，发仔不同意。	4,7	5,0	
583	西洋蔡喜欢说大话，吹嘘自己师承钟表修理大师嘘嘘师傅，其实是自己拿钱让修理师傅修好。	1,11	4,7	
584	瑞叔从乡下带回来一个表妹阿花，瑞叔妈嫌弃兰姨没生儿子就把阿花强塞给瑞叔当小老婆。	8,9,13	5,0	
585	刘定坚从家里偷了太子炳的钱向朋友买了只表，八姑知道后为了包庇弟弟用收租钱当丢失的钱交给太子炳，被太子炳识破。	0,1,5	7,1	
586	牛局长派二五八、三六九看管名画，不小心把一副画弄上了污渍，为了补救他们用一副没有污渍的假画冒充真画。鉴定专家说他们损坏了名画。	23,24,25	2,7	
587	骗子李公子冒充李代总统公子，狐假虎威敲诈牛局长和太子炳。	0,23	7,2	
588	报纸上刊登牛局长在宴会上戴与职位和收入不符的表，上级怀疑他有不正当收入。	23	2,7	
589	群嫂弟弟受伤入院急需用钱，街坊纷纷慷慨解囊。	6,7,11	10,0	
590	西洋蔡和老友聚会，为了面子把奀妹说成是名门以后。为了钱西洋蔡让奀妹和祝家后人认亲。	11,12	4,7	
591	鸡公福在街上抹黑警局让牛局长在上级面前没面子，就怀恨在心。	6,7,23,24	2,10	
592	大寒时节，街坊凑料煮糯米饭，刘定坚偷吃光主料。开锅时却发现满满足料，原来金惠民自掏腰包备好真材实料另煮一锅。刘丽琼看笑话落空，街坊共享糯米饭。	0,1,10,11,9,7,5	0,4,11	
593	牛太表妹阿娣成天给牛局长惹祸。	23,24,25,28	2,7	
594	西洋蔡和二五八出去应酬忘记和奀妹看电影爽约奀妹。奀妹说西洋蔡无情无义，两人闹矛盾。街坊帮助两人和好。	11,12,25	5,4	
595	西洋蔡给齐大少当替身。	11	4,7	
596	刘定坚开说书场先免费随后再以各种名义变相收费，街坊看不惯他的吃相，不去他的说书场听故事。鸡公福带回一个旧收音机，街坊们一起听故事。	5,6,24	4,0	
597	一四七替牛局长办事，各种报销费用牛局长说了算。三六九见一四七各种虚报、瞒报领取报销费，以为一四七挪用公款消费，就去抓他的把柄。	23,24,26	2,7	
598	龙署长利用手段拿走了太子炳的舞厅，太子炳、八姑夫妻二人被打回原形。	0,1	6,1	0:4
599	太子炳因为舞厅欠许多人钱，没钱还当老赖。街坊帮助老关成功向太子炳讨债。	0	4,1	0:4
600	太子炳、八姑夫妻二人因为舞厅没了后经常拿阿香出气。	0,1,4	1,0	
601	舞厅老板遣散了舞厅的舞女包括韩师奶。	13,30	5	
602	太子炳为了躲债藏在金医生诊所。	0,10	4,1	
603	兰姨瑞叔答应给珠女买小人书，结果没买，还被父母说不懂事。	8,9,16	0,5	
604	刘定坚在家被太子炳嫌弃，刘定坚为了证明自己出去找工作。被人请做贸易经理，实际被人利用当替罪羊。	0,5	4,7	
605	慈善协会会长利用慈善饭局骗太子炳钱。	0	4,1	
606	三六九抓贼，贼为了摆脱嫌疑把戒指放在西洋蔡口袋里。	9,11,24	7,4	
607	韩师奶姐妹阿如因为要去面试无暇照顾孩子所以托兰姨帮忙照顾。	8,9,13	5,0	
608	太子炳求牛局长办事不小心带走了牛局长的重要文件。	0,6,7,23	2,7	
609	兰姨平时不舍得吃不舍得穿，不肯为自己花钱。	8,9	0,5	
610	太子炳在街边赌档发现傻子阿贵会听骰子帮他赢了不少钱，就将他带回家。	0,1	9,4	
611	发仔被丘富骗去妓院，丘富身上没带钱中途跑路，发仔为丘富背黑锅，阿香和街坊筹钱救发仔出妓院。	4,7,29	6,7	
612	鸡公福见一女子被歹徒持刀抢劫，就路见不平与歹徒搏斗，为女子拿回了包自己却受伤昏迷。	6,23,24	6,0	
613	南洋金家登报悬赏千万花红寻金银铜。	0,10,23,24	9,7	
614	太子炳想赶走刘定坚就和他打赌，如果刘定坚能在大医院里工作就不赶他走。	0,5,10	4,1	
615	发仔为了能使阿香在朋友面前有面子，承诺请大家吃饭，就辛苦赚钱。	4,7	5,4	
616	兰姨在街上见到姐妹的女儿过继给别人得到一大笔遗产就羡慕。	8,9,13,16	5,0	
617	街坊没钱交租被八姑赶，鸡公福为替街坊出头打算替他交租不曾想八姑抢走了他的全部钱。	1,6	1,0,11	
618	八姑和太子炳天天吵架搞得家里鸡犬不宁，街坊劝太子炳夫妻应该以和为贵，家和万事兴。	0,1,5	1,0	
619	牛局长带队清缴地下钱庄，派二五八、三六九看守。两人在屋中搜出了一笔钱就想私吞，但是牛局长说贼赃数目对不上，两人为了心安只能把钱放回。	23,24,25	2,7	
620	西洋蔡拿店铺钱去赌博，奀妹为了帮他戒赌对他进行经济制裁。西洋蔡好友阿麦给西洋蔡出谋划策，让大师给奀妹下降头，中了降头后就可以听西洋蔡话。	11,12	9,5	
621	二五八知道自己不是正式人员而是编外人员就给牛局长送礼，在警局拼命表现自己，就为了能够转正。	23,25	2,4	
622	瑞叔、兰姨将卖地的八万元作为珠女嫁妆，商量好无论如何都不能动。	8,9,16	0,5	
623	西洋蔡阿禄带着玉石向刘老板估价，刘老板说玉石值50大洋。	11,18	4,7	
624	发仔和陈塘阿桂喝酒，阿香知道发仔去陈塘后就怀疑发仔和阿桂有关系，不相信他。	4,7	5,7	
625	西洋蔡为了进天上人间舞厅，充大头鬼，装有钱人，惹了一身麻烦，还穿了有香港脚的太子炳皮鞋，得了脚气。	0,11	4,7	
626	太子炳为拿回舞厅，巴结宋公子，对他使用美人计。宋公子知道他的计划后，将计就计，让他们狗咬狗。	0	4,1	
627	太子炳派阿香去大龙生办公室做事，帮他偷回他举报大龙生的检举信。	0,4,30	3,1	
628	三六九和碰瓷党肖怀雅狼狈为奸，利用碰瓷赚钱。西洋蔡认肖怀雅为师傅，找出他碰瓷的证据，没想到碰瓷到牛太，被当场抓获。	11,24,28	2,4	
629	丘富即将北上去当炮灰，最后的心愿是和交际花露露睡一晚。	29	3,5	
630	珠女外出打工赚钱。	16	10,5	
631	西洋蔡捡到了一本书，里面有颜色内容，这本书被街坊知道了，大家都想看。牛局长最近在查禁书，这本书兜兜转转到了他手上。	11,23	9,2	
632	太子炳为了东山再起，去洋行面试贸易经理，去赌场做总监以失败告终，又想做妓院生意被人坑，又帮人看管妓院被红牌阿姑色诱偷走保险箱的钱……	0	4,1	
633	贪官私吞救灾款被通缉，躲进大院求谭宪炳、刘丽琼帮其偷渡。牛大春得知后也想分钱，三方各怀鬼胎。林福察觉并阻止他们私吞灾民救命钱。最终贪官被捉拿归案，赃款被追回。	0,1,23,6	10,7	
634	鸡公福抓到一只田鸡，遇到阿秀想把田鸡送给她补身。	6,9	0,5	
635	阿宁为摆脱婆家的虐待自导自演说丘富侮辱了她，婆家为了脸面就将她休掉。阿宁诉说她的悲惨遭遇后丘富想娶她，阿宁不想嫁人，想开始新的生活。	29	7,3	
636	阿强救了珠女，兰姨瑞叔把阿强接回家生活，因为阿强长期和流氓混迹一起，兰姨瑞叔想慢慢改变他，想让他改邪归正，但有心无力。	8,9,16	10,0	
637	刘定坚一直想抓发仔和阿香的奸情，向八姑告状。为了让刘定坚相信发仔和阿香不是恋人关系，发仔就说珠女是他女朋友，还写情信给珠女。	1,4,5,7,16	5,7	
638	太子炳将赌博赢回来的孩子说成是堂弟过继的。孩子母亲阿英向太子炳要孩子，太子炳不给。街坊帮阿英拿回孩子。	0	1,7	
639	盲公胜算命很灵，许多人因为盲公胜一句话就改变了命运。	0,10	9,4	
640	太子炳被持枪蒙面贼打劫，警察赶到，贼被吓跑，枪被太子炳捡到。太子炳将收破烂的当成蒙面贼，闹出了不少误会。	0	7,1	
641	牛局长多年前抢走了王家传家宝墨竹图，如今王家后人青青联合陈水东接近牛大春，拿回了传家宝。	23	6,2	
642	丘富的手下打伤了旅长的亲戚，旅长要丘富把人找出来。丘富本来想冤枉太子炳，结果手下错把西洋蔡当成太子炳。	0,11,29	7,3	
643	上级严查枪支，牛局长的枪却不见了。	7,23,30	2,3	
644	黑老大黄面容看上了韩师奶想娶她做姨太太，韩师奶不从。	13,29,30	6,5	
645	发仔和西洋蔡尾随美女跑步。	7,11	4,7	
646	牛局长在查大盗钟葵案时，贪掉夜明珠然后嫁祸给三六九，上级要三六九找回夜明珠。三六九请二五八帮忙，找回了夜明珠。	23,24,25	2,7	
647	舞女玉娥和烂仔阿雄合作，以玉娥为太子炳自杀的理由敲诈太子炳钱。	0	6,1	
648	发仔的车被警局的人敲诈走了，发仔找丘富帮忙，丘富让他穿军服狐假虎威。	7,29	3,5	
649	牛局长要在大院举办接待日，要属下和街坊帮他演好这场戏。	23	2,0	
650	街坊一起过中秋节请西洋蔡一起过，西洋蔡喜欢充大头鬼不愿意放下身份和街坊们一起过节，死要面子活受罪。	11	10,4,11	
651	西洋蔡和太子炳一起卖“洋”胎盘。	0,11	4,1	
652	兰姨得了阑尾炎急需做手术，但是手术费是很大一笔钱，家里拿不出来。珠女为了救母选择嫁入金家，金医生从慈善会筹到钱，金家放珠女自由。	9,10,16	10,5	7:1
653	陈少和丘富为了小红乘风吃醋、大打出手，太子炳目睹了全部经过。	0,13,29	7,3	
654	新搬来的夫妻放孔明灯祈愿，街坊误以为丈夫要谋害重病妻子。林福、蒋宏发欲阻止，真相揭开是妻子不堪病痛求解脱。金惠民无力回天，后丈夫收到美国有特效药的消息，决定赴美求医。	6,7,10,9	10,0	
655	八姑冤枉阿香贪钱，阿香百口莫辩。为了洗脱冤屈，发仔设计让阿香制造假象，让太子炳、八姑相信她没贪钱。原来贪钱的人是八姑。	0,1,4,7	1,7	
656	鸦片犯大只苏为躲避警察追捕将一包鸦片放在西洋蔡那，西洋蔡觉得鸦片值钱想留下，奀妹认为鸦片害人要西洋蔡扔掉。	11,12	4,3	
657	兰姨瑞叔为了小事吵架，太子炳、八姑看热闹不嫌事大、煽风点火、推波助澜。	0,1,8,9	1,0	
658	美利坚记者要来大院采访，牛局长为了营造安居乐业的氛围，请人做假戏。	23	2,10	
659	福哥喜欢上妓女阿芹想为她赎身。	6	6,5	
660	保密局在执行计划过程中，因为三六九无意中说出了暗号，导致计划失败，徐三就怀疑三六九是内奸。	24,27	3,2	8:3
661	刘定坚当街撞晕了林伯，被刘定坚送去医院醒来后，刘定坚冒领功说他救了林伯。	5	4,7	
662	街坊唱粤曲影响了八姑，八姑就挖苦街坊们。街坊编排粤曲嬉笑她，八姑请三六九帮忙利用粤曲做文章，不让他们唱。	1,24	9,2	
663	上级给丘富做红娘，让阿裙嫁给丘富。丘富看不上阿裙，但是上级军令如山不可违。他请街坊帮助，在阿裙面前做戏，说他腰不好，摆脱阿裙。	29	3,5	
664	韩师奶与共党林家升。	13	3,5	
665	金医生给牛局长侄女箐箐针灸时不小心把断针留在箐箐腿里，为了良心和责任金医生不怕牛局长追究他的过失，一定要送箐箐去医院取出腿里的针。	10,23	8,2	
666	西洋蔡对传统西餐进行了本土化改良，推出蔡氏西餐，受到了街坊的欢迎。	11	4,0,11	
667	兰姨被绑匪绑架，瑞叔和街坊救出兰姨。	8,9	6,0	
668	牛局长患了夜盲症，错把牛太当奸夫进行殴打。	23,28	2,7	
669	无赖阿昌看见西洋蔡在酱料里放罂粟壳，就利用这件事敲诈西洋蔡。	11	4,7	
670	上级要求牛大春和丘富合作，军警联勤，两人勾心斗角、互相攻击、各怀鬼胎。	23,29	3,2	9:1
671	军统和党统人员利用一副《红楼梦中人》的画进行内斗，韩师奶和牛局长卷入其中。	13,23	2,7	
672	兰姨给牛局长洗衣时，掏出袋中一笔钱，兰姨一时贪心就想据为己有。但是想到牛局长有钱有势，担心自己没命花，就把钱还给牛局长，没想到卷入一桩贪污案。	9,23	10,0	
673	陈进贤贴寻儿告示，刘定坚为了陈的家产冒充他儿子，被陈识破。	5	7,1	
674	牛局长宣布有分房计划，一四七、二五八、三六九为分房做戏。	23,24,25,26	2,7	
675	精神病人章李军冒充考古学家忽悠太子炳、八姑大院有宝贝。	0,1	9,1	
676	牛大春为评优秀下令零案发率，王虾百般阻挠街坊报案。小偷洗劫王虾宿舍，还在牛大春送的书法上恶搞。王虾不敢上报，牛大春逼其编造理由瞒报，街坊发现后嘲讽警局自欺欺人。	23,24,11	2,10	
677	太子炳被风水大师忽悠要砍掉大院的榕树，刘定坚和街坊不想树被砍掉，就用计让太子炳相信树是风水树不能坎。	0,5	1,0	
678	西洋蔡做邮差。	11	4,0	
679	太子炳怕高利贷胡须洪报复，就和八姑假离婚。	0,1	4,7	
680	西洋蔡在蔡祝行卖狗肉，三六九天天吃狗肉不给钱，西洋蔡忍无可忍让三六九买单。	11,23,24,28	4,2,11	
681	太子炳喝酒开车撞人后逃逸，为逃避责任贿赂牛局长，牛局长说上面要严查，舆论压力大，要找替罪羊。	0,5,23	2,7	
682	兰姨为了让好姐妹阿箐相信她过的好就在阿箐面前假扮有钱人。	9	0,5	
683	三六九立功受伤，功劳却被牛大春抢走，三六九不服气打算报复他。	23,24	2,7	
684	太子炳欠阿财钱，阿财在外做生意死去。	0,11	7,1	
685	发仔和牛精强不打不相识，结为兄弟。	7	6,5	
686	发仔加入车工会。	7	6,4	
687	厅长爸爸走失，三六九冒领功劳说找到厅长爸爸是他，结果反被厅长怀疑是绑匪。	24	2,7	
688	八姑、太子炳不让阿香和发仔约会，对阿香看管很严，街坊帮助发仔、阿香约会。	0,1,4,7	5,1	4:4
689	发仔入了车工会之后，脾气变得更加暴躁，他坚信只要站的硬，就没人可以欺负他。	7	6,4	
690	西洋蔡和人打架受伤，恢复需要喝汤。	11,12	5,4,11	
691	太子炳欺负兰姨，发仔为兰姨出头，打了太子炳。	0,4,7,9	1,0	
692	发仔和西洋蔡找帮会老大沙尘英谈判，西洋蔡刚一进门就被沙尘英踢晕。	7,11	6,4	
693	陈老大让手下找太子炳讨债，太子炳没钱还债，手下把阿香带走。	0,4,7	6,1	
694	牛局长找大师算命，大师说他最近有血光之灾。	0,23	9,2	
695	发仔、阿香表演魔术九龙出海。	4,7	9,0	
696	一四七误打误撞救了失足落水的人，被上级和牛局长表扬，他要做个好警察。可是他只是做做样子，遇到真正要做好事的时候就露馅。	23,26	2,7	
697	西洋蔡让发仔帮忙让他承包车工会饭堂。	7,11	4,7	
698	丘富不以身作则，包庇手下胡作非为。	29	3,0	
699	西洋蔡和刘定坚打赌，给西洋蔡三次向奀妹求婚机会。	5,11,12	5,4	
700	发仔认桂芳为干姐。	7	5,0	
701	西洋蔡代替口吃张和阿芸去面见阿芸舅舅。	11	4,7	
702	太子炳、八姑嫉妒金医生医好了刘太，就传谣言说金医生是太监，到处败坏他的名声。金医生只能以其人之道，还治其人之身来反击太子炳。	0,1,10	1,7	
703	三六九和二五八结为兄弟，牛局长挑拨离间三六九和二五八，所谓结拜兄弟，大难临头各自飞。	23,24,25	2,7	
704	鬼头标挑拨离间发仔和阿香关系，逼迫姑娘小芹去接近发仔。	4,7	5,6	
705	牛局长腰肌劳损，见三六九按摩手法不错，让三六九做他的专职保健医生。	23,24	2,8	
706	刘定坚想买单车，被太子炳拿捏，单车玩腻后，又贪心不足蛇吞象想买汽车。	0,5	4,1	
707	西洋蔡用假枪狐假虎威，装真男人，被烂仔拆穿。烂仔绑架奀妹用来做人质，西洋蔡潜力爆发，打跑烂仔。	11,12	4,6	
708	发仔兄弟们因为吃饭问题闹矛盾。作为大哥因为请兄弟吃饭搞得他自己捉襟见肘。小弟犯错，大哥担责，大哥不易做。	7	6,4	
709	军需官老麦赏识奀妹，西洋蔡见他对奀妹好吃醋。酒桌上老麦在酒里下药让奀妹喝下，意图不轨，西洋蔡及时赶到，救下奀妹。	11,12	5,4	
710	八姑见兰姨瑞叔恩爱就羡慕嫉妒，想用装腿瘸的方式博太子炳同情，结果腿不小心真摔断了。	0,1,8,9	1,0	
711	西洋蔡交租时不小心摔坏了太子炳的名贵鼻烟壶。	0,10,11	4,1	
712	淑珍眼睛因为妈妈哭失明，淑珍爸带她去医院治疗她不肯。淑珍爸让兰姨假扮淑珍妈妈，好治好她眼睛。	9	8,0	
713	太子炳入车公会，招兵买马，另起炉灶。	0	4,1	
714	金医生曾经救过陈贵田，陈贵田临死前要将女儿阿桃嫁给金医生，以报救命之恩。	10	8,5	
715	三六九装失忆。	24	2,7	
716	鬼头标想除掉发仔，就和三六九合作，让三六九在发仔押运的物品中偷偷放入鸦片，冤枉发仔贩卖鸦片置他于死地。	7,24	6,2	
717	三六九和阿冰相爱，但是一个高官看上了阿冰，三六九只能放手，两人只能悲剧收尾。	24	5,2	
718	刘定坚联合外人偷太子炳钱。	0,5	4,1	
719	一四七拿到了牛局长的艳照，牛局长怕一四七利用照片对他不利就想置一四七于死地，一四七为了自保只能背下黑锅。	23,26	2,7	
720	钱老板的鸦片交由蒋宏发看守，一夜后密室失窃。钱老板诬告蒋宏发，牛大春扣押蒋宏发。林福帮忙分析，查出是帮会利用猴子偷货，钱老板为索赔嫁祸蒋宏发。最终阴谋败露，蒋宏发洗清嫌疑。	6,7,4,23	6,2	
721	西洋蔡经常挖苦奀妹，说没人要她。	7,11,12	5,4	
722	参谋长让丘富照顾他的儿子霍仔，丘富托太子炳照顾。太子炳为了讨好参谋长待霍仔如掌上明珠，对霍仔百般忍让。在听到参谋长死了后，对霍仔百般虐待。	0,29	3,1	
723	大龙生想让韩师奶做他的女人，韩师奶不愿意，但大龙生步步紧逼。	13,30	6,5	
724	刘定坚开当铺，专收垃圾，最后破财挡灾。	5	4,1	
725	桂芳姐为了建赌场，让鬼头标火烧棚屋。	7,23	6,10	15:2
726	孱仔明偷走了桂芳姐火烧棚屋放火图和澳门仔做生意协议，发仔从孱仔明身上抢下秘密图纸给街坊看，大家知道了火烧棚屋的罪魁祸首是桂芳姐。	7	6,7	
727	发仔离开了车公会，桂芳姐不想放发仔走，要他重回车公会，找一四七为难他，被鬼头标阻止。	4,7,26	6,5	
728	太子炳抢了别人的罗汉果不给钱，自己因为体质问题吃了后咳嗽不停找金医生看病。	0,10	8,1	
729	太子炳让牛局长追缴赖老板欠他的钱款，赖老板给牛局长好处，牛局长两头拿好处不办事。	0,23	4,2	
730	西洋蔡假扮美女引采花贼出洞。	11	7,4	
731	刘定坚唱歌。	5	9,0	
732	牛局长找人假扮买家强买大院，街坊和太子炳、八姑合作为保住大院和牛局长斗智斗勇。	0,1,23	1,2	
733	阿宁回来了，丘富想和她再续前缘。	29	5,3	
734	珠女在舞厅做服务生，因为没有满足大少伍镇安的过分要求让他丢了面子，就怀恨在心，冤枉珠女偷了他的金笔。街坊和一四七帮珠女翻案。	16,26	7,2	
735	西洋蔡为了钱做民意调查员，让街坊在同意自来水涨价的意见书上签名。	11	4,10	
736	刘定坚因为金手镯案为八姑顶罪。	1,5	7,1	
737	梁家少爷买通阿婵好友，约阿婵聚会，趁机在酒里下药毁了阿婵清白。	10	8,10	
738	罗督察利用职务之便私吞了牛局长的房屋。	23	2,4	
739	丘富团长抢了手下王副营长押运的药品，团长歪曲事实说王副营长药品被共党游击队所抢。	29	3,7	
740	太子炳、八姑一家去南华寺烧香，遇到土匪与真太子炳走散，八姑把精神失常的假太子炳带回家。刘定坚因为恨太子炳，想害死他。	0,1,5	7,1	
741	三六九见奀妹有块值钱怀表，就以贼赃的理由据为己有，街坊帮奀妹拿回怀表。	12,24	7,2	
742	牛局长不服老和太子炳比年轻。	0,23	2,1	
743	西洋蔡奀妹结婚。	11,12	5,4	5:3
744	太子炳、八姑去丹霞山求子。	0,1	9,1	
745	西洋蔡奀妹吃西餐。	11,12	4,5,11	
746	牛太把牛局长的补药换成安神药害牛局长在会议上睡觉。	23,28	2,7	
747	离开车工会的发仔没有了车工会撑腰，被人当地底泥踩。	7	6,5	
748	八姑用假金饰充门面，碰上打劫，被贼洗劫一空。牛局长抓到贼，发现贼赃和荣兴金铺案相关，太子炳、八姑夫妻卷入其中。	0,1,23	7,1	
749	蔡妈为了奀妹能早点生子搞出许多事，给西洋蔡奀妹夫妻造成不少困扰。	11,12,19	10,5	
750	西洋蔡为了面子在老友聚会上充大头，他的朋友就趁机向他借钱。	11	4,7	
751	舞会上八姑的头型又乱又老土被其他人嘲笑，这让她很没面子。于是就请发型师给她梳了个时髦的发型。为了保持发型，她长时间不洗头发，结果头发上长虱子。	1	9,1	
752	伍老爷的两个儿子因为对父亲家产分配不均，就将伍老爷赶出家门。	13	7,10	
753	八姑给高官太太们剪影。	1	9,1	
754	三六九因为当上模范警察就一朝得志，得意忘形不把牛局长放在眼里，牛局长怕他功高盖主，就设法陷害他，让他当不成模范警察。	23,24	2,7	
755	牛局长玩完舞女阿锦就始乱终弃，阿锦不甘心打算报复他。但碰上心狠手辣的牛大春无异于鸡蛋碰石头，失败是注定的。	23	2,7	
756	结婚后的西洋蔡钱包被奀妹看管的很紧，只给他很少的零用钱。	11,12	5,4	5:3
757	丘富战友丁英才投共，为了引出丁英才团长命令丘富抓住丁妈。丘富明白罪不及父母，祸不及妻儿，丁妈是无辜的，所以帮助丁妈逃跑。	29	3,10	
758	刘定坚为讨好太子炳把一个金麻将放进月光饼里送给他吃，太子炳不吃让阿香扔掉。阿香把饼送给了发仔。	0,4,5,7	0,1	
759	金医生的贫血症被街坊误认为白血病，认为他命不久矣，帮助他完成心愿。	10	8,7	
760	抢劫犯猖獗，太子炳、八姑接连被抢，向牛局长报案，牛局长以治安良好为借口不予受理。	0,1,23	2,1	
761	八姑为了阿珍婆的钱财让阿香假扮慈善会人员去照顾她。	1,4	7,1	
762	西洋蔡搬柜时扭伤了腰，被街坊误以为腰伤原因另有其意。	11	5,4	
763	丘富大意下被风尘女子阿花赖上，为摆脱阿花丘富请鸡公福扮有钱人追求阿花。阿花又赖上了鸡公福，鸡公福只能说他肾有问题让阿花走。	6,29	7,3	
764	西洋蔡和黄毛打麻将，输到没钱向黄毛借高利贷。如果还不了钱就把西洋蔡卖去南洋。奀妹帮西洋蔡还了钱。	11,12	4,6	
765	假大师张大坤利用空灵掌骗太子炳钱财。	0	9,1	
766	牛局长喜欢吃牛肉丸。牛太为了不让牛局长出去鬼混就在牛肉丸里放安眠药，结果牛局长因为吃了安眠药忘记了办案，被上级停职。	23,28	2,7,11	
767	权贵拿假画交谭宪炳拍卖牟利。鉴定师华慕容识破赝品劝谏，谭宪炳受利益诱惑犹豫。华慕容坚守操守，谭宪炳面临权贵与良心的抉择，故事讽刺古玩圈指假为真的乱象。	9,16	5,0	
768	大龙生大哥龙署长的对手派手下王先生骗大龙生买下假古董，然后利用太子炳与大龙生的恩怨让太子炳烧了这些古董，让他们狗咬狗。	0,30	6,1	
769	韩师奶从舞厅辞工，打算金盆洗手。她和姐妹打算开一间美发店，开始新的生活。但遇拆白党被骗财骗色，被逼无赖的韩师奶唯有再进舞厅做舞女。	13	6,5	10:3
770	因为韩师奶之前假扮过伍老爷的老婆，被三姑六婆风言风语，给她造成很大困扰。街坊了为了韩师奶摆脱谣言的困扰，就登报为她征婚。	13	5,10	10:3
771	刘定坚欺负租客，街坊请丘富帮忙。丘富以征兵为由要带走刘定坚，刘定坚装肺痨病逃避兵役。	5,29	3,1	
772	鸡公福吹嘘自己会读心术，被三六九抓去警局帮牛局长破戒指失踪案。	6,23,24	9,2	
773	蔡妈看见奀妹欺负西洋蔡就认为奀妹太泼辣，就给她立家规。	11,12,19	5,0	
774	南京要员陈元老要来视察，牛局长让大家在陈元老面前做戏，三六九阴差阳错救下陈元老，被陈元老赏识，让三六九当局长，牛大春当警员……	23,24	2,7	
775	一四七目睹了金医生用银针让一位病人起死回生，这让想起了多年前的金柄银针杀人案，死者为金医生的老师，凶手至今未找到，这让他怀疑金医生就是凶手。	10,26	8,7	11:2
776	底层女子被权贵侵犯并遭抹黑，跳江获救。王虾受贿偏袒权贵并抓走作证的莫爱兰。林福坚持搜集证据层层上告，最终揭发权贵罪行，莫爱兰获释，正义得以伸张。	6,24,9	10,7	
777	黄太和八姑为了贤妻竞选名额展开竞争。	1	9,1,11	
778	韩师奶和赛凤仙在舞厅为了抢客人大打出手。	13	6,5	
779	西洋蔡教唆瑞叔在家里应该男人说了算，男人才是一家之主。	8,11	4,0	
780	女警谢安娜来到太平分局，一四七、二五八、三六九被迷的五迷三道，甘愿做舔狗。	24,25,26	2,7	
781	八姑找一位风水大师看屋宅风水，把一面镜子挂在窗前，用来挡灾祸。	1,9,10	9,1	
782	金医生帮老友保管一个箱子。太子炳、三六九认为箱子里有许多钱，就千方百计想得到这个箱子。	0,10,24	7,1	
783	牛局长无意抓到大盗飞天猫，但怕飞天猫同伙黄春娇报复，就做兰花指“英雄”为暗号。	23	2,7	
784	丘富上级吴少将请韩师奶冒充他夫人，上级要把夫人们送去台湾当人质，韩师奶也在名单中。街坊找到吴夫人，代替韩师奶去台湾。	13,29	3,5	
785	太子炳开炳胜大押，并请古师华当朝奉。	0,2	4,1	0:5
786	西洋蔡用奀妹嫁衣做生意。	11,12	5,4	
787	牛局长看太子炳的当铺生意好，就想方设法敲诈他。	0,23	2,4	
788	牛局长喝完花酒走夜路被一四七、三六九打。	23,24,26	2,7	
789	丘富做太子炳当铺保护伞，合伙做生意。	0,29	3,4	
790	丘富安排瑞叔去炳胜大押做事，太子炳和古师华为了赶走他就冤枉瑞叔偷当铺钱。	0,2,8,29	4,1	
791	兰姨没钱交房租，想把客人没拿回的旗袍拿去卖钱，八姑看到买下了旗袍，结果不合身材，旗袍被穿烂。瑞叔为了赔客人的损失又做了件旗袍。	1,8,9	0,1	
792	太子炳家来了只狗，他认为猫来穷狗来富，狗是上天派来旺他的，所以就好吃好喝养它。	0,6,7	9,0	
793	发仔、牛精强和烂仔阿凯有过节，但双方力量悬殊，发仔不是阿凯对手。	4,7	6,5	
794	颜师长的女儿和一个穷学生汝诚私奔，古师华想办法让颜师长接受汝城，成全这对鸳鸯。	2	5,4	
795	王哥想让韩师奶就范，为他做事，遭到了韩师奶的拒绝。	13	6,5	
796	牛大春喝醉酒喜欢到处题字。	23	2,0	
797	一小偷偷了八姑的玉佛，在街上与兰姨相遇时，为了逃避追捕，小偷把玉佛放进兰姨包袱里。	1,9	7,0	
798	丘富发现太子炳将他的物品低价收然后高价卖出，吃差价太过分，然后去找太子炳理论，太子炳不承认。	0,2,29	4,1	
799	韩师奶侄女阿莲想让韩师奶帮忙找工作，但是阿莲嫌弃给她找的工作工资低。她看到做舞女工资高，想去做舞女，韩师奶不让她去，这使她误解韩师奶。	13	5,0	
800	太子炳觉得最近开支加大，想加房租，但又怕租客联合起来搞麻烦。	0,6,8,10,29	1,0	
801	车夫不小心撞倒了逃犯，三六九为了领功劳就说逃犯是他抓的，受到了牛局长表扬。	23,24	2,7	
802	韩师奶不给骆会长面子，骆会长很生气。	13	6,5	
803	西洋蔡睡觉打呼噜，吵得奀妹睡不着觉。奀妹为了能睡着觉不受西洋蔡打呼噜的影响，吃安眠药，西洋蔡为了奀妹能睡个好觉，去屋外睡，他们都替对方着想。	11,12	5,0	
804	太子炳请发仔看管炳盛大押。	0,7	4,1	
805	白雪娥教金医生唱粤曲。	10	9,8	
806	奀妹让西洋蔡在街坊面前丢了面子，就大男子主义说男主外女主内，奀妹为了和他斗气，就在家做家务不去店铺帮忙。	11,12	5,4	
807	牛局长请人扮假匪徒在街坊面前做戏捞政绩。	23	2,7	
808	近来古师华和八姑来往密切，太子炳怀疑八姑给他戴绿帽。	0,1,2	7,1	
809	太子炳让刘定坚煮饭。	0,5	0,1	
810	韩师奶姐妹小玲被骗子张生骗，韩师奶劝小玲离开张生，小玲误以为韩师奶争风吃醋，误解她。韩师奶假意与张生相好，让小玲看清张生的真面目。	13	6,5	
811	丁大山和王小豆两位纨绔公子在舞厅强奸了服务生阿花。	23	2,7	
812	太子炳为了和睦之家，让八姑、刘定坚在外人面前装一团和气，结果狗咬狗骨、弄巧成拙。	0,1,5	1,0	
813	以形补形，蔡妈为了奀妹生男孩让她吃韭菜，奀妈想奀妹生女孩让她吃莲藕。生男生女问题让两家吵得不可开交，给西洋蔡奀妹夫妇造成很大困扰。	11,12,19,20	9,5	
814	牛局长在丘富上级面前说丘富坏话让他不能升职，被丘富怀恨在心。	23,29	3,2	
815	太子炳未和八姑认识前，在街上看见八姑和她姐妹六姑逛街。	0,1	5,1	
816	珠女认识了惯偷美莎，美莎教珠女偷窃技巧，珠女劝她回头是岸。	16	6,0	
817	奀妹嫌弃西洋蔡没钱没本事只会守在店铺，又担心西洋蔡出去做生意有钱了花天酒地，喜新厌旧。	11,12	5,4	
818	瑞叔因为帮市长夫人改过旗袍受到市长夫人称赞，所以其他夫人们闻风而动纷纷关照瑞叔，一时间生意大好。	1,8	4,0	
819	上级要来检查，要牛局长写副对联挂在警局，以示警威。牛局长命令三六九完成此事，三六九威逼金医生替他写对联。	10,23,24	2,7	
820	八姑乡下穷亲戚有才叔想问八姑借钱，八姑不给。街坊为有才叔出头，利用八姑沽名钓誉的特点，帮有才叔要到了钱。	1	1,0	
821	牛局长亲戚马大山想当一个锄强扶弱、匡扶正义的好警察。但是世道乱，人心乱，荒唐年代人也荒唐，被牛局长等人当精神病处理。	23	2,10	
822	太子炳吃了毒蘑菇中毒，三六九乌龙办案。	0,24	8,7	
823	牛局长利用职务之便让手下警员在他家做家务。	23	2,0	
824	刘定坚和西洋蔡合伙做生意，刘定坚却拿着货款挪作他用。	5,11	4,1	
825	黄老板利用韩师奶舞女身份，骗韩师奶替他培训他控制的女孩礼仪，做贩卖人口生意。发仔和韩师奶知道后救出了被控制的女孩。	7,13	6,5	
826	太子炳经常不在家，八姑就想太子炳能经常陪她，多给她点关心。为了博同情，八姑就装病，写遗愿清单。	0,1	1,0	
827	阿香想吃烛光晚餐，发仔却没钱请她吃。发仔看到有吃辣椒比赛，奖品的价值就可以去吃一次烛光晚餐，就拼命吃辣椒，结果却因为吃辣椒吃到胃受伤。	4,7	5,4	
828	军人抢走了老先生的画卖给八姑，老先生让八姑把画还给他，八姑拒绝。街坊帮助老先生拿到画，古师华用假画换真画被拆穿。	1,2	7,4	
829	徐三让三六九当保密局特工。	24,27	3,2	
830	八姑当神枪手。	1	5,10	
831	西洋蔡最近诸事不顺就认为自己犯太岁，为了避太岁不洗澡、不剃须、挂柳条等奇葩行为，精神一度失常。	11	9,4	
832	华慕容出场。	3	4,1	1:0
833	牛局长看见丘富和太子炳合伙赚钱十分眼红，也想分一杯羹。	0,3,23,28,29	2,4	
834	无赖假医生刘好仁开诊所到处说金医生坏话，污蔑金医生。	10	8,7	
835	西洋蔡吃到兰姨炒的黄埔蛋后觉得很美味，尤其是听到瑞叔讲的黄埔蛋背后的故事后，他觉得这是一个商机，就决定在蔡祝行推出黄埔炒蛋……	8,9,11,23	4,0,11	
836	发仔兄弟阿奋因不交保护费被三六九当街殴打，发仔替兄弟出头，牛局长当和事佬并承诺召开案情发布会，将阿奋带回警局。	7,23,24	2,6	
837	太子炳以前开舞厅时和舞女阿芳有一个儿子，太子炳想去接孩子回来。	0,1	1,5	
838	韩师奶和刘定坚在舞厅发生矛盾，刘定坚怀恨在心，就和八姑一起使用阴谋诡计陷害韩师奶。韩师奶请街坊帮助，当场捉住刘定坚。	1,5,13	6,1	
839	阿香看到疑似发仔的人受到致命伤害，因受到过度惊吓所以导致她突发性精神失常，患上失忆症。	4,7,10	5,7	
840	旧社会望门寡女子遭婆家虐待，王虾想娶她，婆家假意答应实则欲卖她。女子留信坦白身世不辞而别。林福批判封建礼教，感叹女子只是封建礼教的牺牲品。	24,6,9	10,7	
841	牛局长用测谎仪测属下对他是否忠诚，牛太用测谎仪测牛局长对她是否忠诚，结果证明没一句真话全是假话。	23,28	2,7	
842	太子炳的腮腺炎不小心传染给西洋蔡，西洋蔡得了腮腺炎后不想奀妹担心就没说出真相选择在家静养，看望西洋蔡的街坊都被传染得了腮腺炎。	0,1,4,11,12	8,0	
843	阿梅自杀于屋中，三六九和八姑因为贪财拿走了阿梅的财物被牛局长冤枉为杀阿梅的凶手。	1,23,24	7,2	
844	阿迎因生不出儿子被丈夫阿生虐待，并且休掉她。	10	8,5	
845	奀妹和西洋蔡的婚纱照。	11,12	5,4	
846	梁发用牛骨假扮甲骨文骗太子炳钱并且带他的旧情人八姑私奔。	0,1	4,5	
847	西洋蔡无意中在街上看见前女友玉萍就想起了曾经他们写的情信，奀妹看见信就找西洋蔡吵架，西洋蔡承诺把信烧掉这才平息奀妹的怒火。	4,7,11,12	5,7	
848	刘定坚误把人偶卖家当成雨夜屠夫。	5	7,4	
849	三六九、一四七、二五八给飞贼赖头强当保镖。	24,25,26	2,7	
850	街坊和太子炳、八姑进行歇后语比赛。	0,1	9,1	
851	太子炳听说有钱的三叔要来就提前做了很多准备，以为自己有很多好处拿。结果来的三叔没钱，太子炳、八姑马上变了副面孔把三叔赶出家门。	0,1	1,0	
852	太子炳在陆婆当票上做手脚，想贪图陆婆的田契。街坊帮助陆婆拿回田契。	0	7,1	
853	韩师奶同乡姐妹绍芬要买门口，八姑为了钱串通他人骗绍芬买门口，街坊帮助绍芬，避免她被骗。	1,13	6,1	
854	太子炳不给烂仔明保护费，牛局长出来解围。谁知牛局长要的钱比烂仔明更多，真是唔衰摞来衰。	0,23	2,1	
855	刘定坚私自收贼赃古董，卖给牛局长。	5,23	4,2	
856	牛局长利用城市改造的借口强占秦伯的房屋，街坊用丐王显灵吓走牛局长，帮秦伯拿回房屋。	23	7,10	
857	刘定坚看发仔、阿香亲密就眼红，就和八姑抓他们约会的证据，街坊帮他们打掩护，不让八姑刘定坚得逞。	1,4,5,7	5,1	
858	鸡公福帮阿珍打官司，卢平利用鸡公福好酒贪杯的弱点逼鸡公福喝下药酒让他不能按时出庭，人算不如天算，官司输掉了。	6	7,10	
859	发仔妈妈的照片被阿香撕掉，发仔妈妈身世被揭开，阿香帮发仔找妈妈。	4,7	7,5	
860	太子炳家的安乐椅被划了一条痕，瑞叔帮太子炳查案找出划花安乐椅的人。	0,8	7,1	
861	刘定坚偷了八姑的戒指，戒指不小心掉了被发仔捡到，八姑不见了戒指刘定坚就栽赃陷害说戒指是阿香偷的。街坊和阿香带八姑当面指出刘定坚偷戒指的证据。	1,4,5,7	7,1	
862	太子炳无意中收到一件小棺材，他决定利用棺材做文章，大肆宣传升官发财的意头。	0	4,1	
863	丘富和地痞雄爷同时看上了芳草，丘富用计在众人面前演一场和芳草生米煮成熟饭的戏，使雄爷死心。	29	3,5	
864	狠心妇人买下孤女虐待，女孩逃入大院。妇人持卖身契要人，谭香感同身受。众人设计弄湿存放契约的坛子，泡烂卖身契。妇人无凭无据只能作罢，女孩重获自由。	4,6,9,1	10,7	
865	太子炳、八姑为了生孩子在菩萨面前保证一段时间戒酒戒荤戒色，刘定坚知道了此事就打算让太子炳破戒达到他报复太子炳的目的。	0,1,5	9,1	
866	太子炳病重，八姑见他还清醒就让他赶紧立遗嘱，给她一份保障。太子炳的两个哥哥听说太子炳病重也加入了争家产的战争，一时间财产纷争搞得谭家鸡飞狗跳。	0,1	1,5	
867	日本女子被帮派囚禁后逃出，被蔡广财、祝星星藏入大院。街坊知其身份后抵触，林福劝解战争罪责不在普通平民。帮派搜捕，众人合力掩护，女子决定改名以中国人身份去寻亲。	11,12,6,9	10,7	
868	丘富上级程团长派人当贼抢劫炳胜大押。	29	3,4	
869	西洋蔡拿钱出去应酬谈生意，奀妹以为西洋蔡在外面鬼混，两人争吵不休，矛盾加深，街坊帮助他们夫妻二人和好。	11,12	5,4	
870	一小偷在偷完太子炳家准备跳窗逃跑时碰到三六九、二五八巡逻，被抓正着的小偷急中生智说出他和八姑偷情，并且拿出八姑随身佩戴的手镯，三六九……	0,1,24,25	7,1	
871	教头猪头张看中大院兰姨的屋风水好，适合开武馆，就借着牛局长的势，逼兰姨瑞叔搬迁。	0,8,9,23	10,0	
872	金医生为了一个特约病人特意买了部单车做出诊用，西洋蔡和瑞叔为了自己便利都想借单车使用。	8,10,11	8,0	
873	药材商常年不归，雇蒋宏发陪母亲。母亲思念成疾多次装病，药材商不再相信。蒋宏发等人劝药材商尽孝，药材商终明白物质代替不了亲情陪伴，母子心结解开。	7,4,6,10	10,0	
874	太子炳监守自盗，谎称丢失一枚贵重银元，然后对银元进行大肆炒作，把假银元炒成真银元，价格也水涨船高。	0,23	4,1	
875	西洋蔡为了讨好孙司务长拿到军需合同，让奀妹去军部服侍孙司务，做他的佣人。奀妹去服侍孙司务西洋蔡又担心奀妹要钱不要他，逼老婆是他要老婆也是他。	11,12	3,5	
876	二五八、三六九执行任务时踩到地雷，二五八受伤，三六九变成盲人。	24,25	2,7	
877	丘富劫道镇关西的走私物资。	8,9,23,29	3,4	
878	陈小姐骑单车撞伤瑞叔，仗着自家有钱有势不但没道歉反而倒打一耙，瑞叔选择息事宁人，珠女气不过，一定要陈家道歉。	8,16	10,0	
879	刘定坚用韩师奶的假钻戒当八姑的生日礼物并谎称是真钻戒。	1,5,13	4,1	
880	华慕容回乡下，炳盛大押无朝奉，八姑觉得华慕容工资高想炒掉他换一个新朝奉。结果引狼入室，新来的朝奉王宝联合外人，用假壶换走了太子炳的真壶。	0,1,3	4,7	
881	徐副局长一身正气，嫉恶如仇，融入不了以牛局长为首的小团体里。埋堆不了，只能被牛局长团体孤立和陷害。	23,27	2,10	
882	韩师奶为报姑妈恩情，让鸡公福假扮她男友。姑妈病重为筹集手术费，韩师奶四处兼职做了许多危险性工作，只为了报亲恩。	6,13	5,10	10:4
883	蔡广财买回传闻被诅咒的玉镯送祝星星，引发怪事与恐慌。林福等人追查，发现所谓“女鬼”实为玉镯原主人，因丧夫丧女精神失常。谣言破除，蔡广财夫妇将手镯还给可怜妇人。	11,12,6,7,24	7,0	
884	刘定坚和金医生争大院信箱管理员。	5,10	0,4	
885	牛太和牛局长情人丽丽争抢旗袍。	23,28	1,5	
886	八姑刘定坚姐弟人头猪脑被人利用对付残鸡英，被抓入狱。	1,5	7,1	
887	赖老板克扣工人工资，机房仔带头让大家罢工，向赖老板讨要工资。	4,7,24	6,4	
888	牛局长派二五八做卧底，去接近女老板阿芬，破获鸦片走私案。	23,25	3,2	
889	丘富、乡下相好丽嫦、都市丽人珍妮。	29	3,5	
890	发仔和阿香在夜晚约会，八姑发现阿香不见了就认为阿香和发仔去约会了。街坊帮忙给他们打掩护，让阿香假扮梦游症骗过八姑。	1,4,7	5,1	
891	金医生老友郑怀儿子郑谦向金医生学习医术，可他的理念与金医生不同，郑谦只想利用医术发大财，金医生只为治病救人。	10	8,4	
892	牛局长私吞了5箱西药，朱督察怀疑牛局长私藏了西药，就想办法找出牛局长藏西药的地方。双方都掌握对方的黑料，唯有合作。	23	2,7	
893	西洋蔡为了先施公司的职务，接近公司老板天娜小姐，做她的情人。	11	4,5	
894	江先生想找出曾经帮助他妈妈的卖榄小贩鸡公福，太子炳为了领功得到江先生的贵重礼物，冒充鸡公福，结果贵重礼物是腌制腊肠秘方。	0,6	4,1	
895	市副局长一位有空缺，牛局长、秦局长、张局长三位分局局长为了争夺市副局的位展开明争暗斗。	23	2,7	
896	太子炳为了和贸易部部长谈生意让兰姨假扮他老婆，让八姑做佣人。	0,1,9	1,4	
897	蔡广财店铺遇危机，岳母欲典当传家字画帮忙。蔡广财对外夸耀自己孝顺，实则贪图字画。林福鉴定字画为仿品，蔡广财态度大变。最终蔡广财反思认错，决定与祝星星脚踏实地经营。	11,12,6	7,4	
898	丘富听算命佬说这个月他有血光之灾，必须找一个命格与他相冲的人为他挡过血光之灾。这个人是三六九，丘富与三六九结为兄弟。	24,29	3,2	
899	何记者利用舞厅张老板的黑料，敲诈张老板，张老板请牛局长帮忙，除掉何记者。	23	6,4	
900	丘富兄弟因为犯事被关禁闭，丘富把她老婆接来大院住，对外声称是他表妹。	29	3,0	
901	西洋蔡抢吴经理生意，对他说他妈妈生病，在众人面前装孝子。	11	4,1	
902	太子炳想巴结钱会长，听说钱会长以酒会友，为了投其所好他必须变的能喝酒。他向千杯不醉的鸡公福请教喝酒不醉秘方。	0,6	9,1	
903	珠女问兰姨要钱做生意，兰姨表示家里没钱，并向她展示空钱箱。	5,9,16,26,29	0,1	
904	牛局长和太子炳做老鸨。	0,23	4,2	
905	牛局长和丘富打擂台。	23,29	3,2	
906	奀妹要过各种纪念日，要西洋蔡浪漫，西洋蔡总拿谈生意当借口，敷衍奀妹，两人争吵不断。	11,12	5,4	
907	太子炳利用假华侨炒作大院，抬高大院价格，卖掉大院去东山置洋楼。街坊和二五八揭穿太子炳阴谋，让他卖不成大院。	0,25	4,10	
908	西洋蔡做大哥。	11	4,7	
909	暴富后家破人亡的旧街坊搬回大院，企图用钱收买邻居遭冷遇。其重病住院，吐露只想在大院走完最后一程。街坊得知后放下芥蒂接纳他，其找到真正的归属感。	10	10,0	
910	太子炳想用一张遗嘱来试探家里人对他的态度，看看谁关心他。	0	1,7	
911	牛局长和太子炳合作，利用瘦马计划，用来疏通关系，讨好上司。	0,23	2,4	
912	街坊帮助元宝逃脱丘富上级卢团长的控制。	29	3,0	
913	奀妹帮西洋蔡戒赌。	11,12	5,4	
914	文浩和韩师奶再次相逢，但又因为各种原因两人再次分开，文浩离去，江湖之大，韩师奶如无根之萍，无可相依。	13	5,10	10:4
915	太子炳和初恋阿娇。	0	5,1	
916	阿香因为看见发仔送竹君礼物就对发仔发脾气，两人闹矛盾。为帮助两人和好，珠女假扮发仔女朋友刺激阿香。	4,7,16	5,7	
917	年关街坊凑料炸煎堆。谭宪炳设赌局刁难蔡广财炸大煎堆。蔡广财学做空心煎堆巧破刁难，赢得延后交租。街坊共享实心煎堆，苦中作乐迎新年。	0,1,11	0,4,11	
918	二五八去金家做上门姑爷。	25	5,2	
919	西洋蔡陪同太子炳与人做生意，充当翻译，却闹出了大乌龙。	0,11	4,7	
920	奀妹和乡下小姐的姐妹情。	12	5,0	
921	鸡公福和桂英（保密局女特工）。	6	3,7	
922	阿香扮舞女引出真的罪犯，救出被冤枉的发仔。	4,7	7,5	
923	兰姨瑞叔冤枉学生阿生，之后良心不安认错。	8,9	7,0	
924	八姑进邪教一道门被神棍骗。	1	9,1	
925	金医生成为赌神令赌徒西洋蔡和大院街坊迷途知返。	10,11	9,4	
926	三六九用一两大红袍茶叶为酬劳骗珠女给他打工。	16,24	4,0	
927	二五八用各种手段甩掉彩莲。	25	5,2	
928	阿香当大妗姐代替发仔和大块成决斗。	4,7	5,6	
929	太子炳当国民好老公。	0	1,0	
930	鸡公福为救人假装鬼上身，令国军团长迷途知返。	6	9,3	
931	牛局长生病住院，上级派欧阳局长接替牛局长位置。	23	2,10	
932	太子炳弟弟谭宪荣和牛夫人表妹阿芸配阴婚，牛局长利用婚事敲诈太子炳。	0,23,28	9,1	
933	王虾、黎秋水发现警局吃空饷。牛大春为应付检查，找人临时顶替。检查时盘问露馅，牛大春抓住检查人员儿子也吃空饷的把柄，双方互相包庇过关。	23,24,25	2,10	
934	富商悬赏寻一碗特别的青菜豆腐汤。蔡广财请隐居的旧情人出手，富商尝出旧情人的味道。旧情人当年遭陷害隐姓埋名，拒绝富商复合，远走他乡。	11,12	0,4,11	
935	阿香结拜姐妹阿梅被主人冤枉偷项链，阿梅以死明志自证清白，阿香请求鸡公福和华慕容帮助，帮阿梅申冤。	3,4,6	7,5	
936	三六九和恶妻阿彩。	24	5,2	
937	刘定坚绑架阿香，勒索太子炳，刘定坚计谋被鸡公福、发仔识破并救出阿香，刘定坚计划败露。	0,4,5,6,7	6,1	
938	牛局长想当个好人，但身在官场，身不由己，最终还是当回了坏人。	23	2,10	
939	发仔和阿香认识了身患重病时日无多的小琴，小琴喜欢发仔，阿香为帮助小琴完成她最后的愿望让发仔当她男朋友。	4,7	5,10	
940	西洋蔡的青梅竹马阿婷和奀妹争西洋蔡。	11,12	5,4	
941	一四七情场失意。	26	5,2	
942	太子炳行贿特派员买官。	0	4,1	
943	蕉叔没饭吃偷太子炳皮鞋煮汤喝。	0	10,1	
944	牛局长丢了一封密函，怀疑是三六九捡走的，三六九以为牛局长得了花柳病。	23,24	2,7	
945	阿桂盲婚哑嫁，街坊和丘富帮助她逃出恶毒婆婆的魔爪。	29	3,5,11	
946	丘富为帮瑞叔解开心结假扮瑞叔老窦。	8,29	7,0	
947	太子炳误把阳花壶当成桃花壶。	0	9,1	
948	太子炳堂妹谭观仪喜欢丘富，太子炳为了堂妹的钱故意拆散他们。	0,29	4,1	
949	三六九误破令狐公子被杀案，升为警长。	24	2,7	8:2,13:1
950	牛局长为了报复马山设局冤枉他，鸡公福利用舆论逼牛局长放人，替他出头。	6,23	2,10	
951	三六九喜欢丽丽小姐，而她的丫鬟阿娣喜欢三六九，三六九却对阿娣视而不见。三六九追求丽丽不成又追求阿娣，阿娣拒绝了他。	24	5,2	
952	刘定坚设局陷害华慕容，坑太子炳钱。	0,3,5	4,1	
953	美食家朱鲁骗吃骗喝，西洋蔡被骂成“蔡头猪脑”。	11	4,7	
954	八姑逼阿香和商会会长黄公子相亲，黄公子见阿香心系发仔就在八姑面前败坏自己形象，成全发仔、阿香。	1,4,7	5,1	4:4
955	武田家族的人想赎回当在太子炳当铺的打火机用来召回战死的亡魂，街坊和丘富破坏了他们的计划，不让他们的阴谋得逞。	0,29	3,4	
956	抗日英雄张大壮不想打内战，街坊和牛局长帮助他逃出生天，免去上前线。	23	3,10	
957	三六九被杨二老爷和他女儿骗婚；三六九假装和肺痨女结婚骗她家产。	24	5,2	
958	八姑装生病骗取太子炳和刘定坚同情心，可本性难移，不久就打回原形。	0,1,5	1,0	
959	西洋蔡被三六九威逼做他的密探，记录街坊的言行。	11,24	2,4	
960	蔡妈教奀妹做水菱角。	12,19	4,0,11	
961	盗墓贼骗太子炳在大院挖宝藏，实为挖地道偷隔壁金铺。	0	7,1	
962	牛局长为破军火走私案假意失踪。	23	2,7	
963	绑匪要绑架牛夫人结果认错人绑架了八姑。	1,28	7,1	
964	丘富团长骗丘富用高酬劳的方式骗壮丁入伍充当炮灰。	29	3,10	
965	三六九急于抢功劳，结果惹祸上身。	24	2,7	
966	珠女和街坊一起抓人贩子，救出被拐骗的孩子。	16	7,0	
967	发仔救了一个共党份子自己却中了枪伤，急需救命药盘尼西林，街坊帮助发仔寻救命药。	7	3,8	
968	女孩阿凤喜欢二五八，而二五八误以为阿凤是牛局长派来考验他的，为了当上风纪专员，二五八拒绝了阿凤。	23,25	2,7	
969	太子炳听说洋人花高价收克拉克瓷，就让华慕容仿制克拉克瓷，以假乱真卖给洋人，华慕容为了诚信和名族大义破坏了太子炳的计划。	0,3	4,1	1:1
970	伍家兄弟因鸡仔饼配方决裂。弟弟改良配方生意火爆，哥哥守旧生意惨淡。哥哥病倒，弟弟暗中帮衬。后街坊调解揭开真相，兄弟和解，联手重振老字号。	11,6,10	4,0,11	
971	牛局长用三六九办公室为自己干不法之事做掩护，拿三六九做替罪羊。	23,24	2,1	
972	阿香和关少爷相亲，发仔吃醋，打算离开。	4,7,11	5,4	
973	牛局长设立了一个意见箱，表面上是让属下监督他，实则是看谁说他坏话。	23	2,7	
974	瑞叔、兰姨捡到一个男婴认作儿子，对他格外喜爱，珠女看到爸妈对弟弟格外照顾认为他们重男轻女。	8,9,16	0,5	
975	三六九和二五八为了完成零犯罪率的目标，各种粉饰太平。	24,25	2,10	
976	吴昌二人冒充军粮失窃案的办案人员敲诈太子炳。	0	7,1	
977	西洋蔡的妈和岳母斗气，西洋蔡两头不是人。	11	5,0	
978	二五八喜欢洁姑娘，可洁姑娘有一个生病的妈妈，二五八为了甩掉这个包袱，无所不用其极。	25	5,2	
979	太子炳为了和牛局长做生意，就冤枉牛局长和八姑有染以此来要挟他。	0,1,23	7,1	
980	三六九当上了警长后刻薄下属，下属纷纷不满。	24	2,7	
981	玉婵和柳先生利用湘湘骗八姑聘礼钱，湘湘把玉婵和柳先生的骗人证据交给发仔、阿香，发仔、阿香帮助她跑路。	1,4,7	7,1	
982	兰姨和西洋蔡一起卖粽子。	9,11	4,0,11	
983	刘定坚陷害李白薇弟弟，姐姐报复刘定坚为给弟弟报仇。	5	7,4	
984	三六九没有办案能力，却整天吹嘘自己办案能力强。	24	2,7	
985	西洋蔡不小心扭到了腰，却被街坊和蔡妈误以为是别的原因。	11,19	5,4	
986	牛局长为了巴结领导向领导下属何秘书打探消息，这让牛夫人误以为他们俩有不正当的男女关系。	23,28	2,7	
987	抗日老兵拒打内战逃跑，躲入大院。丘富、刘定坚追查，金惠民被抓顶罪。老兵自首，提出想吃先祖出征必食的“杀寇饭”。街坊凑食材做饭，丘富被其家国情怀触动成全其愿。	6,10,29,5	3,10	
988	太子炳当上了谭氏恳亲社的社长，被亲戚当大水鱼。	0	4,1	
989	西洋蔡为了奀妹更幸福过得更好，就冒着生命危险捞偏门却遭到奀妹的误会。	11,12	4,5	
990	兰姨曾今的相好阿根送给她的公仔被瑞叔发现，瑞叔误以为他们余情未了。	8,9	5,7	
991	八姑为了分得前夫家乡下的田产，假装为前夫守节。	1	1,10	
992	副厅长的干儿子——一只狗不见了，牛局长让二五八、三六九找狗。	23,24,25	2,7	
993	奀妹因为想到表妹生孩子的恐怖场面，就有生孩子恐惧症。她喝避子汤这件事被蔡妈知道后又引发了婆媳矛盾。	12,19	5,0	
994	西洋蔡和奀妹决定休息一天，吃肉犒劳自己。没想到政府禁肉，他们还被三六九冤枉坐牢。	11,12,24	10,4	
995	八姑和刘定坚想骗人钱却反被骗。	1,5	7,1	
996	伍姑娘出场。	14	5,10	14:0
997	一四七、二五八、三六九误把精神病人当成巡视人员宋先生。	24,25,26	2,7	
998	八姑逼阿香嫁给病鬼陈少爷冲喜，阿香不从。伍姑娘用茉莉花根让阿香沉睡，帮助她摆脱了嫁人冲喜的命运。	1,4,14	9,1	
999	西洋蔡打算举办咖啡派对让街坊们体验下西洋情调，可街坊们似乎不太领情。	11	4,0,11	
1000	上面严查钢材营业执照，牛局长为摆脱嫌疑把责任通通推给了向他买营业执照的太子炳。	0,23	2,1	
1001	富家少爷被父亲赶出家门体验生活，在蔡广财处打工。蔡广财欠赌债被抓，少爷挺身担保，并决定靠卖双皮奶还债。少爷褪去娇惯学会担当，父亲欣慰给他机会学习打理生意。	11,12	10,4	
1002	瑞叔在矿山捡到了一块狗头金，太子炳、三六九等人都想分一杯羹。	0,8,24	7,1	
1003	丘富认出被诬陷临阵脱逃的昔日战友。战友为阵亡兄弟翻案躲避追杀，躲入大院。丘富在军令与袍泽情义间挣扎，最终众人搜集证据揭露上级掩盖失误的黑幕，战友洗清污名。	29,6,7	3,10	
1004	伍姑娘去戏班唱戏，拜曹班主为师。伍姑娘解决曹班主与小楚红的师徒恩怨，离开戏班。	14	5,9	
1005	发仔收到客人的《乱世佳人》，想亲阿香，西洋蔡奀妹为他出谋划策。	4,7,11,12	5,0	
1006	洋人偷了金医生的自行车，还偷了警察局。	10	10,2	
1007	八姑的珍珠丢了请求街坊帮忙找，鸡公福找到珍珠并整蛊了八姑。	1,6	7,0	
1008	八姑送刘定坚去警局向一四七学习，结果越学越坏。	1,5,26	2,4	
1009	三六九为了做警长警服，勒索商家不给钱，遭到商家报复。	24	2,7	
1010	三六九入住大院。	24	2,0	
1011	三六九住进大院后为了给街坊下马威就把瑞叔客人衣领藏起来陷害瑞叔。	8,24	2,1	
1012	发仔被牛局长用枪打伤，李教授送发仔去医院并送给他一枚校徽。	7,23	10,5	
1013	伍姑娘为了救人迫于无奈进入舞厅行业。	14	6,5	14:1
1014	阿玉被舆论逼死，金医生和街坊帮她申冤，助她完成最后的心愿。	10,15	10,7	
1015	刘定坚和真真。	5	5,4	
1016	三六九破陈氏杀妻案。	24	2,7	
1017	大院神医金医生。	10	8,0	
1018	西洋蔡为了发达捞偏门。	11	4,6	
1019	太子炳、八姑和街坊对对联。	0,1	9,1	
1020	三六九向牛局长学习管理下属的方法。	23,24	2,7	
1021	八姑强迫表姐妹女儿阿娟嫁给龙二，丘富和街坊帮助她逃走。	1,29	3,5	
1022	蔡妈以为奀妹怀孕了，各种照顾，结果奀妹没有怀孕。	12,19	5,0	
1023	二五八被母老虎郎丽喜欢。	25	5,2	
1024	八姑和太子炳是前世冤家。	0,1	1,0	
1025	三六九向牛局长学习破案方法。	23,24	2,7	
1026	街坊帮发仔过生日。	7	0,5	
1027	金医生得到了一副模仿高剑父的假画。	10	7,8	
1028	八姑和太子炳为了自己的利益想把阿香一女两嫁。	0,1,4	1,5	
1029	三六九赴牛局长的鸿门宴。	23,24	2,1	
1030	丘富为了追求胡小姐假装斯文。	29	3,5	
1031	太子炳挖到欧阳少爷的宝藏，太子炳第二次发达。	0	4,1	
1032	太子炳为巨额财富做掩护。	0	4,1	
1033	太子炳想买洋楼离开大院，八姑说大院才是他的旺宅让他留在大院。	0,1	1,0	
1034	三六九受伤，一四七和二五八想置他于死地，只有街坊愿意帮他。	24,25,26	2,0	
1035	兰姨和瑞叔闹矛盾，西洋蔡和奀妹闹矛盾。	8,9,11,12	5,4	
1036	太子炳利用善堂做掩护，实则开风月场所。	0	4,1	
1037	太子炳想用诡计得到北方师徒的贡品阿胶，街坊揭露了他的企图。	0	10,7	
1038	三六九不想交大院治安费就派一四七和二五八维护大院治安，一四七和二五八故意搞破坏不遂三六九的意。	24,25,26	2,0	
1039	西洋蔡看伍姑娘被流氓欺负就替她出头赶走了流氓。西洋蔡向伍姑娘借钱，信上却写错了借钱的金额，搞出大乌龙。	11,14	4,5	
1040	陈伟元骗珠女感情想当兰姨瑞叔家姑爷仔。	8,9,16	5,0	
1041	鸡公福表弟阿达抢了失主的救命钱，鸡公福和街坊找失主。	6	10,7	
1042	八姑吃伍姑娘的醋，就造谣生事，败坏伍姑娘名声，伍姑娘将计就计反摆了八姑一道。	1,14	9,1	
1043	二五八当监督员。	25	2,7	
1044	发仔收小云为徒。	7	6,0	
1045	刘定坚被阿芳姑娘缠上，当黄脚鸡。	5	6,1	
1046	高厅长和文物鉴定专家谢公指鹿为马，把假画当真画。	0,3	7,10	
1047	西洋蔡出去喝酒应酬总是很晚回来，奀妹不理解他，两人发生争吵，奀妹和他打赌出去推销酒。	11,12	5,4	
1048	牛局长看上了戏班的阿梅，想把她据为己有，为逃脱魔爪，阿梅好姐妹伍姑娘请求牛夫人帮忙。	14,23,28	6,5	
1049	太子炳女秘书和她女儿合伙谋取太子炳家产。	0	4,1	
1050	伍姑娘和师兄生哥。	14	9,5	
1051	太子炳因患轻度中风导致脸部僵硬，面无表情的太子炳在赌博时无往不利，被人称为冷面赌王。	0	4,1	
1052	西洋蔡和岳母。	11	5,0	
1053	喜欢追星的牛夫人在日记本里记录偶像的系列，这引起了牛局长的怀疑。	23,28	2,7	
1054	共党联络人老马为逃避追捕和大院街坊一起和三六九、二五八斗智斗勇。	24,25	3,2	
1055	太子炳和伍姑娘有过节就处处针对她，伍姑娘不甘示弱使用计谋报复太子炳。	0,14	7,1	14:2
1056	丘富看上阿玉强娶她为妻，街坊阻止。	15,29	3,5	
1057	牛局长为了抓共党分子让二五八做间谍。	23,25	3,2	
1058	身患老年痴呆的水伯误把兰姨当成他的女儿。	9	10,0	
1059	太子炳为做成生意巴结上司在家设烟局，街坊用计破坏他的计划。	0	4,1	
1060	鸡公福扮伍姑娘契爷。	6,14	9,0	
1061	西洋蔡戴假表充门面。	11	4,7	
1062	太子炳发达之后风流成性，八姑管不住太子炳，伍姑娘教八姑御夫之道。	0,1,14	5,1	14:2
1063	金蝉格格用假金佛骗八姑、刘定坚钱财。	1,5	9,1	
1064	炳盛大押被打劫，劫匪绑架了兰姨和刘定坚充当人质。	5,9	6,1	
1065	牛局长失忆。	23	2,7	
1066	伍姑娘和表哥陆文魁。	14	5,9	
1067	丘富的夺命合照。	29	3,7	
1068	三六九当醉猫。	24	2,7	
1069	阿香生日将近发仔打算送礼物给阿香，阿香看中了一对耳环，发仔买不起。	4,5,7	5,0	
1070	瑞叔身体有问题就以为自己时日无多，就想把兰姨嫁给丘富。	8,9,29	5,8	
1071	刘定坚从西洋蔡那里得知牛太和学生开包房鬼混，牛局长要杀知情人。	1,5,11,23,28	7,1	
1072	八姑精神压力大患了间歇性失忆症。	1	7,1	
1073	奀妹怀疑西洋蔡有外遇，就当侦探找他出轨的证据。	11,12	5,7	
1074	二五八和一四七想从牛局长口中夺食。	23,25,26	2,7	
1075	三六九和二五八冤枉鸡公福和发仔，捉他们进监狱，鸡公福扮鸡公大师装疯卖傻。	6,7,24,25	2,10	
1076	丘富的上级想抓大院租客阿韵回去做老婆。	29	3,5	
1077	太子炳和刘定坚让金医生破解龙骨上的甲骨文。	0,5,10	4,7	
1078	发仔在路上救了茶庄阿芹，却被阿芹她爸认为发仔别有用心。	7	5,0	
1079	发仔和鸡公福合伙开咸杂铺。	6,7	4,0	
1080	茶庄老板陷害发仔，发仔找证据，破局。	7	6,7	
1081	太子炳请女保镖。	0	3,7	
1082	西洋蔡充大头鬼请街坊假扮有钱人和人谈生意。	11	4,1	
1083	丘富上司王团长克扣张有根抚恤金和勋章。	29	4,0	
1084	传言林福的咸酸姜能转胎生仔，重男轻女的妇人常买来吃，结果生下女儿遭婆家嫌弃欲抛弃。街坊劝阻怒斥陋习，金惠民科普生男生女自然规律。妇人决心带女儿离开婆家独自谋生。	6,10,9,7	10,0	
1085	寡妇假怀孕逼谭宪炳娶她，并策划吃燕窝流产栽赃刘丽琼。谭香为给莫爱兰补身体偷换燕窝，误打误撞让寡妇计划无法实施。金惠民诊脉揭穿寡妇假怀孕骗局，寡妇败露离开。	0,1,4,9,8,10	7,4,11	
1086	八姑从外面带回一位高大斯文、英俊潇洒的名叫阿荣的年轻人，说是自己逛街遭遇歹徒打劫，幸得阿荣出手相救才免于被抢……	0,1,3	5,1	
1087	三六九为赚外快和阿水合作用飞鸽传递走私军用物资消息，牛局长发现其异常并安排二五八跟踪调查他，知道了三六九飞鸽传信计划。	23,24,25	2,4,1	
1088	刘定坚为追小凤，讨其欢心，和黄公子争风吃醋，欲买一部新相机证明实力。	1,5,23,24	0,8	
1089	阿瑞最近腰酸背痛，身体不好，阿兰听到金医生说服用慈菇可缓解其症状，便买来慈菇给阿瑞吃。	8,9,10,20,29	0,8	
1090	时局动荡，匪患猖獗，绑匪绑架有钱之人，勒索赎金事件屡见不鲜，太子炳安全得不到保障，欲请人保障其人身安全。	0,23,29	6,1	
1091	阿芹、发仔和鸡公福倒卖火蒜。	6,7	4,10	
1092	万家二少奶奶和阿全是一起长大的青梅竹马，但万太父母嫌弃阿全贫穷，拒绝了他的提亲。	1,4,23,24	7,2	
1093	太子炳为了和情人美美相处，以招秘书为由将其招进公司。	0,1,5	5,1	
1094	方导演筹拍一部名为《舞女泪》的电影，观察伍姑娘从气质和经历完全契合他设想的女主角，所以请她出演电影女主角。	14	9,5	14:3
1095	太子炳和牛局长合伙开保镖公司，打着保镖公司名号，实则提供色情服务。	0,3,23,24	4,2	
1096	发仔和阿香看婆婆一家可怜，无处落脚，就在三十三号房间隔壁扮鬼，吓得没人敢租三十三号房，让婆婆一家住霸王屋。	1,4,7	0,1	
1097	黄氏广绣黄师傅当年为救反战人士真由子，被日本兵踩断胳膊，落下残疾。	0,3	10,4	
1098	国军内部腐败不堪，内斗严重，丘富无力改变国军现状，唯有叹息。	29	3,10	9:2
1099	海盗出身的张保摇身一变化作南洋船王，太子炳、八姑为钓金龟婿逼阿香嫁与他。	0,1,4,7	6,1	
1100	二五八在警局职位低，被同僚欺负、孤立、看他不起，他当警察是为了除暴安良、警恶惩奸，如今理想被埋没，只能借酒买醉。	12,23,24,25	2,10	
1101	太子炳从南洋归来便出现呕吐、浑身发冷的症状，他怀疑被人下降头。	0,1,10,24	9,1	
1102	太子炳有钱无权，任人随意搓揉按扁，他欲找靠山为自己撑腰。	0	4,1	
1103	刘定坚对阿香图谋不轨，为了摆脱刘定坚的纠缠，伍姑娘帮阿香出谋划策，让阿香为刘定坚设局，趁其醉酒拿到刘定坚勾结外人中饱私囊的证据……	4,5,14	5,1	14:4
1104	东山警局阿彪阿银走私大烟捞钱，被老姜发现后两人找替死鬼逃避制裁，两人排挤老姜，让他调至太平分局。	24,25	2,10	
1105	金医生的旧相好荷莲专程回广州找金医生，想与他重温旧情，带他回美国一起生活。	10	5,8	
1106	三六九喝醉酒在背后说牛局长坏话，被牛局长听到后，对他怀恨在心。	1,3,23,24,25	2,7	
1107	茶庄阿芹喜欢发仔，但发仔有了意中人阿香。	1,4,7	5,0	4:5
1108	三六九缉私被枪打中掉落珠江死里逃生。	24	7,2	8:4,13:2
1109	太子炳发达后，觉得大院破旧肮脏，配不上自己身份，想买别墅搬出大院。	0,1,3,5	4,1	
1110	童主席出差经过广州，顺便了解民情。	11,23	2,10	
1111	西洋蔡捡到八姑钱包，拿走钱丢下钱包，钱包被发仔捡到交给八姑，八姑诬赖发仔拿走了她的钱，就要抓他去警局。	1,7,11	7,0	
1112	阿芹喜欢发仔，但发仔却另有所属，林老板身体每况愈下，想到偌大茶庄无人打理便想为阿芹招婿。	1,5,7	5,4	
1113	茶庄伙计为争家产急于立功，将滞销劣茶卖给谭宪炳、刘丽琼，并欺负蒋宏发。茶庄老板女儿与父亲看清其急功近利，谭宪炳夫妇大呼上当。最终茶庄老板决定转让茶庄远赴南洋。	0,1,7	4,7	
1114	西洋蔡觉得自己年纪不小了，却没有孩子，尤其看着许多朋友都后来居上，有了孩子，自己更感焦虑。	11,12	5,4	5:4
1115	民间经验之谈是不能将怀孕消息说出，否则会导致肚中孩子小气。	1,11,12	9,5	
1116	二五八不满于牛局长对他的不平等待遇，为了出气，让金医生帮他写匿名检举信，然后他上交市警察局，举报牛局长。	10,23,25	2,7	
1117	奀妹怀孕后，花销增大，西洋蔡为了给她提供更好的生活，只能拼命赚钱。	5,7,8,11,12	0,1	
1118	伍姑娘的师妹小雅作为徐三的未婚妻，两人好事将近，小雅托伍姑娘为其置办结婚用品。	7,14,27	3,5	
1119	金医生加入医师公会，拿到医师执照。	10,11	8,4	
1120	太子炳、八姑认为阿香是萝底橙急于将她嫁出。	0,1,4	1,5	
1121	阿兰回乡下，丘富强行拉阿瑞去风月楼消遣，机缘巧合下结识阿花。	8,9,29	3,5	
1122	牛局长用去市局开会的理由为自己偷懒找借口，并吩咐三六九不许偷懒。	6,7,23,24	2,0	
1123	八姑去香港之前吩咐刘定坚和阿香照顾好军叔公。	1,4,5,10	0,1	
1124	三六九在舞厅意外与阿冰姐妹阿爱相识，得知阿冰已死的消息。	24	7,2	
1125	西洋蔡英雄救美高老板女儿，获得高小姐青睐。	11,25	4,5	
1126	十年前，龙山铁掌帮萧万山与鹰爪门比武打死李四的师傅，李四就打算报复铁掌帮并表示两帮派势不两立。	9,10	6,8	
1127	八姑嫉妒伍姑娘能做电影明星，她也想做明星，于是找太子炳商议，太子炳想到外界人说自己的钱来路不明，想到编故事讲述自己置业起家……	0,1,14	9,1	
1128	二五八帮卖香烟的阿华赶跑流氓，两人因此结识。	23,25	5,2	
1129	阿禄离开玉石大师基叔，来广州投奔西洋蔡，他打算大展拳脚，长住广州。	0,5,11,12,18	4,0	
1130	太子炳看中阿禄会赌玉，想拉拢之，帮他发大财。	0,11,18	4,1	1:1
1131	太子炳发达后，他的两兄弟为了谋他家产就把阿龙送上门与其相认。	0,1,5	1,5	
1132	太子炳因走私文物被发现，他打算宴请牛局长贿赂他摆平此事。	0,23,24,28	4,2	
1133	丘富帮王团长执行押运盘尼西林任务，帮他交易谋取利益，谁知中途遇斩崩刀拦路打劫，药品被抢。	0,1,6,29	3,7	
1134	西洋蔡喜欢儿子，认为生儿子好过生女儿，奀妹喜欢女孩，夫妻俩理念不合，发生争吵。	9,10,11,12	5,0	
1135	街坊嘲笑太子炳有钱无后，加上八姑多年不能为其生育一儿半女，所以这是他一直以来的遗憾。	0,1,4,5,12	1,0	
1136	中元寄哀思，烧衣念故人，一年一度的鬼节将至，街坊纷纷为烧衣做准备。	0,1,9,29	9,0	
1137	落魄贵族爱车氏为了钱和刘定坚在一起，太子炳看中她出色的古董鉴别能力和贵族身份，想娶她做二房。	0,5	4,1	
1138	金医生外甥女方亚华即将从北平来到广州投奔金医生，街坊为给她接风做准备。	10,11,12,23,24	8,0	
1139	罗添丁儿子早已战死殉国，刘旅长捏造罗大少触犯军法，即将受到审讯，要救他需金条打点这条假消息来敲诈罗添丁。	6,7,29	3,7	
1140	刘定坚不小心打烂酒，怕太子炳责罚，于是就冤枉阿香，害得阿香受罚。	0,4,5,6,7	7,1	
1141	牛局长瞧不起太子炳没喝过名酒千杯钉，太子炳欲寻千杯钉证明自己。	0,5,23,28	9,1	
1142	三六九平时作威作福、横行霸道、人憎鬼厌，他的乡下亲戚皆看不起他。	10,24	2,7	3:2
1143	阿禄被太子炳拉下水误入歧途，和太子炳狼狈为奸、沆瀣一气，为了利益无恶不作，害得多人妻离子散、家破人亡。	0,11,18	4,1	3:2
1144	军部财政处钱处长挪用公款，贪污军费和太子炳军强勾结，合伙做生意。	0,14,24,29	3,2	
1145	牛局长要为一四七、二五八、三六九三人当媒人，介绍他的外甥女如花和三人相亲。	23,24,25,26,28	9,2	
1146	玉嫂买榄时与鸡公福相遇，鸡公福按照地址给她送货时发现是假地址。	4,6,9,15	4,0	
1147	玉嫂改变想法，不再卖肚，但已签下卖肚协议书，为了让龙老爷收回协议书，她向其提出用其他方式代替卖肚，龙老爷严词拒绝并坚持要她卖肚。	6,7,14,15,24	6,4	
1148	陈翁喜爱美食，太子炳和牛局长两人投其所好，为了讨好他进行美食比拼。	0,11,23,24	4,1,11	
1149	卢家少爷卢嘉宁因不满父母包办婚姻闹起绝食，卢太请金医生为他诊治。	10	8,5	
1150	尤记蟹庄的招牌菜油炸蟹久负盛名，吸引众多老饕前来品尝，刘定坚吃完蟹后，因没钱结账被尤老板留下，最后以西装抵账。	0,5,24	4,1,11	
1151	八姑看见太子炳和小三阿凤私会非常生气，和刘定坚想出栽赃陷害，报复她的方法。	0,1,3,5	7,1	
1152	纺织大王林家昌因破产自杀。	0,14	10,5	
1153	刘定坚和三六九争抢太子炳商行经理位子，刘定坚利用商行进行走私，被海关发现后太子炳替其收拾残局。	0,5,24	4,1	
1154	西洋蔡买了一盒安宫牛黄丸打算送给奀妹补身，为防止奀妹嫌贵，说他乱花钱，就将药说成是他在街上捡的。	6,11,12,24	4,0	
1155	阿瑞找丘富喝酒，说阿媚要来广州看望他们。	8,9,24,29	5,3	
1156	刘定坚雇佣西洋蔡，西洋蔡受伤，刘定坚为了不赔给西洋蔡医药费就打算私改契约。	5,10,11	4,7	
1157	阿瑞得病需要营养，金医生建议阿兰给阿瑞吃鸡、牛、鱼、羊之类的肉类食材增强体质，阿兰没钱买这些食材，鸡公福想出办法，用田鼠肉为阿瑞补充营养。	6,8,9,10,11,12	8,0,11	
1158	欧阳明珠联合他人设局骗太子炳钱，刘定坚和八姑不想太子炳被人骗，找私家侦探调查欧阳明珠骗人的证据，并将证据给太子炳。	0,1,3,5	7,1	
1159	三六九听到街坊在议论他，询问之下是同僚在背地里说他坏话，还传出小孩中伤他的歌谣。	1,5,11,23,24,26	2,0	
1160	刘定坚最近经常在外面过夜，食物过敏却被太子炳误认为他得了性病。	0,5	7,1	
1161	蔡妈对怀孕的奀妹过分保护，还为了想让胎儿尽快出生，做奀妹剖腹生产的准备。	10,12,19	5,0	5:4
1162	太子炳在西关跟他人合伙开了一间豪华夜总会，为了通过牛局长审批，他打算用打麻将的形式故意输钱行贿牛太。	0,1,23,28	2,4	
1163	太子炳为了虚荣，在圈子里炫耀，误买盗墓贼的赃物表。	0,23	7,4	
1164	牛局长说市政府为了响应新生活运动，成立反贪污专案小组，向属下传达文件内容并让他们调查贪腐的资料，协助并上交给专案组，其他事情无需过问。	23,24,25,26	2,10	
1165	西洋蔡弄错自己病情以为自己得了绝症命不久矣，为了奀妹和未出生的孩子他想赚快钱，经英姐介绍西洋蔡去死尸身上淘金。	1,11,12	4,7	
1166	丘富和张营长接到师部命令，去荔湾涌剿匪。	6,8,29	3,10	
1167	太子炳圈子里以送子女出国留学为荣，太子炳打算送刘定坚出国留学，并请西洋蔡教刘定坚英文。	0,5,11	10,4	
1168	西洋蔡想进太子炳公司工作，但太子炳不同意。	0,3,6,11	4,1	
1169	林副官让三六九调查丘富行踪，三六九找到丘富藏在大院里的钱并告诉林副官。	24,29	3,7	
1170	西洋蔡和太子炳合开商行，西洋蔡任主管打理商行，引起刘定坚眼红，请求太子炳无果后外出打工，让太子炳颜面尽失，太子炳只能安排刘定坚去商行打杂。	0,5,11	4,1	0:6,3:3
1171	牛局长喝了养胃汤得了肠胃炎误以为被人下毒，一番查证下来，是他把牛太的减肥茶当成了养胃汤，一场虚惊。	23,28	2,7	
1172	新上任的杨长官大肆查封无证经营的店铺，街坊建议金医生给杨长官送礼保诊所平安。	10	2,4	
1173	刘定坚在酒会上当众让太子炳难堪，太子炳打了刘定坚。	0,1,3,5	4,1	
1174	发仔在地震中没有第一时间救起阿香，事后阿香经闺蜜三言两语教唆加上听到发仔说她胆小就说发仔不紧张她，要和发仔分手。	4,5,7	5,0	4:6
1175	奀妹西洋蔡夫妇家里有事就请阿兰帮忙看店铺，阿兰却喜欢自作主张让西洋蔡感到难堪。	9,11,12	4,0	
1176	南洋橡胶大王卖鱼朗回到广州，为看清所谓的人情冷暖，处心积虑假扮乞丐，结果看到自己多年的女朋友阿萱跟了老友阿隆……	0,5,6	10,7	
1177	刘定坚搞坏了太子炳的生意，又经常在家好吃懒做，太子炳以磨炼他为借口将他送入警局，让警察帮忙教训他。	0,1,5,23	2,1	
1178	奀妹最近头痛，西洋蔡听说鸡仔蛋可以治头痛，所以打算找一只孵小鸡的老母鸡孵鸡仔蛋为奀妹服用。	11,12	8,0	
1179	奀妹羡慕八姑的雪花膏。	1,10,11,12,24	0,1	
1180	上级派牛局长押运一批盘尼西林，牛局长和不法商人贾仁义串通想私吞这批药，就将换成盐水的假药与真药调包，在押运至交界河口，交给军方时……	23,24,25,29	3,2	
1181	牛局长为了抓毒犯田鸡全立功派二五八去做卧底。	23,25	2,7	
1182	八姑发现太子炳找小三何小珊，大闹一通后气得生病住院，谁知太子炳搞错了八姑病情，以为她得了绝症时日无多，便对她关怀备至。	0,1	7,1	
1183	太子炳不在家，八姑在家疑神疑鬼经常发脾气，街坊唱粤曲排大戏哄她开心。	0,1	0,1	
1184	时势混乱，赚钱艰难，加上隔壁街阿杰的猪肠粉档吸引了众多食客光顾，蔡祝行门庭冷落、生意惨淡。	6,9,11,12,20	4,10,11	
1185	牛夫人和老情人秦哥相会被三六九看见，三六九怕被牛夫人报复假装得了脑震荡，装失忆。	24,25,28	2,7	
1186	暴发户出身，文化程度低的太子炳在商会上遭到书香门第出身的赵理事贬低。	0	10,4	
1187	凉茶铺老板华记因阻止太子炳当街调戏妇女，被其怀恨在心。	0,6,25	4,1	
1188	三六九无意中听到厅长谈及太平分局局长的人事调动计划，为博上位，三六九打算陷害牛局长。	23,24,28	2,7	
1189	大院新搬进来一位租客阿英，因长得貌美，所以吸引众多男性，围着其团团转。	1,24	5,0	
1190	蔡妈认为生儿子要吃酸，而奀妹喜欢吃辣，婆媳理念不合，关系变紧张。	11,12,19	5,0	5:4
1191	太子炳用非法手段谋得丽娜父亲的纺织厂，害得其父瘫痪在床，丽娜为刘定坚设局告其强奸达到她报复太子炳的目的。	0,3,5	6,1	
1192	飞天大盗飞天虎偷得价值连城的红宝石后，将其藏匿在鱼缸，然后假扮富家小姐，玩转三六九等人并成功逃避追捕，最后携宝石逍遥法外。	24	7,2	
1193	王太带着三个孩子和长工阿根回老家祭祖，三个孩子和阿根因误食毒蘑菇，导致上腹下泻。	1,6,10	8,7	
1194	怀孕的奀妹经常疑神疑鬼，怀疑西洋蔡有外遇令其苦不堪言。	7,9,11,12,14	5,7	
1195	三六九的小姑从南洋归来，想帮三六九找个老婆开枝散叶，然后她就回乡下终老。	1,5,10,24	5,2	
1196	丘富在一次任务中，为救王团长，腿中枪伤。	1,24,29	3,7	
1197	大院新搬来一位租客阿琼，因其神神秘秘、独来独往的性格还有将其裹得密不透风的装扮引起街坊的议论和怀疑。	1,5	7,0	
1198	鸡公福阿香让发仔向西洋蔡学习认字写字、做生意，发仔不以为意认为自己更勤奋就能赚更多钱，就对学习的事不上心。	4,6,7,11	4,0	
1199	曲欣欣团伙在报纸上登征婚广告，等应征者上钩骗其礼金后跑路，然后改头换面再次行骗。	1,24,25	7,2	
1200	捧男戏子之风盛行，太子炳等人以包男戏子为荣，其中作为名角的小飞鸿一时风头无两，无人能出其右，更受到太子炳等人青睐。	0,1,4,5	9,1	
1201	周制片想借八姑家场地，用来拍电影，为了使八姑同意，骗她说可以让其出演角色。	1	9,1	
1202	刘定坚和华女发生矛盾，刘定坚怀恨在心，截华女的信，联合武信义趁机敲诈她。华女发现刘定坚的阴谋后，报警抓了武信义和刘定坚，两人为其行为受到惩罚。	5	7,2	
1203	牛局长私自将收缴的鸦片据为己有，三六九不甘心找丘富合作，两人一拍即合，制定计划并商量事成之后五五分账。	23,24,26,29	2,3	
1204	太子炳和罗老板经常去香港按摩，引起八姑猜疑，又因为罗老板染上性病，所以八姑认为太子炳去香港鬼混并且可能染病。	0,1,5,10	7,1	
1205	安徽军阀孙芳武和同为军人的吴从滨是好友，两人一直相安无事，直至有一日，孙芳武受到利诱，有心投靠日本人遭到吴从滨阻止，两人从此兵戎相见……	6	3,7	
1206	华女的同学阿翎和澜清，因为家里不同意他俩恋情，所以选择私奔，搬进大院租住。	10	5,0	
1207	牛局长的世侄女曼殊，因为其父徐将军被撤职候审，所以从南京来广州投靠他。	5,23,24,25,26	10,2	
1208	因曼殊骗走牛局长大半身家，所以他将怒火发泄在三六九身上。	0,23,24,25,26	2,7	
1209	太子炳和龙老板打赌，让玉嫂表哥帮忙用一张百万银票捉弄玉嫂，试探其人品。	0,15	4,7	
1210	蔡妈收到西洋蔡来信，从乡下来大院照顾奀妹。	10,11,12,19	5,0	
1211	太子炳要八姑代他宴请贵客，因阿香厨艺上不得台面，所以八姑决定聘请家厨并安排刘定坚着手负责。	0,1,4,5	4,1	
1212	玉嫂搬进大院，为重开成记竹升面店自强自立拼命赚钱。	6,7,11,12,15,32	6,5	6:1
1213	新上任的张处长对太平分局警员纪律涣散，一片乌烟瘴气的景象十分生气，认为牛局长疏于管理，只会大吃大喝，对其肥胖身材进行了批评……	23,24,28	2,10	
1214	黄老板有金兰酒楼转让，太子炳看上酒楼地段和声誉，尤其是义结金兰的牌匾，想和他谈转让事宜，谁知黄老板表示只转让姓蔡的人。	0,11	4,1	
1215	袁老板为了酒楼生意，从乡下请鲮鱼灿来广州，打算聘请他为大厨，在酒楼做煎酿鲮鱼。	6,11,14,23,24	4,0,11	
1216	发仔兄弟牛精强在外做生意时，路遇土匪，不但抢走他所有财物，还害得他摔断腿，他死里逃生回到广州投奔发仔。	6,7,10	6,5	
1217	刘定坚带陈塘妓女逛街，害得太子炳被牛局长耻笑，华慕容向其提议为刘定坚娶妻，让他收心。	0,3,5,23	4,1	
1218	美女警官花花为了侦查毒枭案伪装成风尘女子来到警局，被查岗的牛太知道后，牛局长就冤枉三六九错将花花当成犯人抓到警局应付牛太。	23,24,28	2,7	
1219	癫马梁眼红卓南地盘的商户生意红火，于是就安排人故意在卓南地盘放火并串通警察让其停业整顿。	6,15,32	6,4	
1220	玉嫂为卓南挡劫生命垂危急需百步蛇胆，卓南寻到蛇胆救回玉嫂。	6,15,32	6,5	
1221	华女以为做衣服简单，只需量好尺寸，然后裁布缝起来就可以完成一件衣服的制作。	0,8,9,10	4,0	
1222	牛局长在如厕时丢失了一份记录共党可疑份子的文件，如果文件丢失，那么将被以通共罪论处。	23,24,25,26	2,7	
1223	阿生阿贵为给母亲荣姨治病，找曾经的营长冯永昆要遣散费，遭到冯永昆拒绝。	6,29	3,7	
1224	太子炳与陈老板争广州商会会长，因为陈老板出身名门望族，所以声誉名望高过太子炳，成功当选会长。	0,3	4,1	
1225	牛局长撤了三六九警长职务后，工作量增加，导致生病，为了帮他分担，他将一四七、二五八列为警长候选人。	23,24,25,26	2,7	
1226	八姑和太子炳为求子被神棍松龄子忽悠，神棍骗他们说胎神位于西洋蔡、奀妹屋中，要求他们和西洋蔡奀妹夫妇换房住。	0,1,11,12	9,1	
1227	陈善人利用金医生的医术和医德，打算两人合作开慈善医院。	10	8,10	
1228	有钱无后是太子炳一直以来的遗憾，八姑向他提议可以领养一个孩子，太子炳会意。	0,1,5,25	1,5	
1229	金医生假意与陈善人合作开慈善医院，和发仔、鸡公福里应外合，找到陈善人犯罪证据的账簿，将陈善人绳之以法。	6,7,10	8,7	11:3
1230	华慕容无意中得到一个不值钱的木雕，十分喜爱，丘富、牛局长等人见华慕容如此喜爱木雕便认为木雕是值钱物品于是对木雕展开了角逐。	3,23,29	7,4	
1231	三六九渴望官复原职。	23,24,25,26	2,7	
1232	西洋蔡和周老板共同卖宝马丸，因为两人过度宣传宝马丸药效，所以遭到金医生的抵制。	10,11,19,23	4,8	
1233	太子炳为了家产想害陆叔，最后良心发现及时收手。一念天堂一念地狱，因为最后一刻太子炳表现出善念所以挽救了他的小命。	0	7,1	
1234	三六九无意中救了燕玲，燕玲喜欢上三六九并提供赚钱消息给他。	24,29	2,7	
1235	阿兰和八姑发生矛盾，在外面发牢骚时被记者听到，记者就写八姑家里的负面新闻博取眼球。假新闻害得八姑一家鸡犬不宁，阿兰良心不安，向记者澄清。	1,9	7,1	
1236	太子炳从美国走私回来的货物迟迟未归。	0,1,3,28	4,10	
1237	奀妹因为怀孕情绪不稳，经常怀疑西洋蔡有外遇和西洋蔡发生争吵。	11,12	5,0	
1238	上级下达升职通知，丘富知道主考官程旅长喜欢唱粤曲，为了投其所好顺利升职，丘富找金医生教他唱粤曲。	10,29	3,9	
1239	老张向太子炳催要钢材，而运输钢材的船却未靠岸，华慕容说罗金贵有钢材出售，为解燃眉之急太子炳只好去找罗金贵买钢材。	0,3,6,10	4,1	
1240	泰上王腊味开业，牛局长着盛装准备好礼物打算去庆贺，二五八询问泰上王的来历，牛局长向二五八解释了泰上王的来历后还说是牛家的恩人。	10,11,23,24,25	4,2,11	
1241	刘定坚想用龙虎凤煲汤，蛇和鸡都有了唯独缺少猫。	5,10,11,12	4,0,11	
1242	三六九走夜路被打劫，一四七和二五八知道后告诉牛局长，牛局长认为三六九能让劫匪打劫丢警察的脸，真是烂泥扶不上墙，选择平息此事内部处理……	23,24,25,26	2,7	
1243	西洋蔡让伍姑娘帮忙介绍胡导演给他认识，伍姑娘答应带他去见胡导演。	3,5,11,14,24	9,4	
1244	太子炳堂姐银姑喜欢王夫子，太子炳嫌王夫子穷不让他和银姑在一起。	0,10,25	5,4	
1245	牛局长利用代理警长职位为诱饵，骗下属给他送礼敛财。	23	2,7	
1246	阿龙先取得太子炳的信任成为太子炳的保镖然后联合在警局中的卧底阿文绑架太子炳，街坊知道后抓住绑匪救出太子炳。	0	6,1	
1247	报纸上刊登美国政府的援助米变成供应给上等人的低价米。	1,4,7,9	10,0	
1248	阿麦通知西洋蔡说隆昌洋行陈老板的儿子俊彦出车祸死了。	5,9,10,11,12	4,7	
1249	太子炳做黑心商家和官员勾结，囤积美国援华药品，出事后被人当替罪羊。	0	4,10	
1250	警局要装修，牛局长克扣了大部分装修款，只给了少部分钱让二五八完成装修任务，不够钱的二五八请记者帮助，让牛局长吐出装修钱。	23,25	2,7	
1251	蔡妈听信了算命佬的话，说他的孙子一出生就会赚钱，为了孙子的富贵气她就让奀妹远离大院穷街坊，这让西洋蔡感到很烦恼。	11,12,19	9,5	
1252	刘定坚了解到阿凤是旺夫体，就使用诡计强迫阿凤嫁给他，华慕容和丘富帮助阿凤摆脱刘定坚。	3,5,29	7,3	
1253	吃惯了大鱼大肉的丘富近来总感觉吃不下东西，胃口差。	29	3,0	
1254	北方来的永乐春花兄妹被地主老财骗来广州，暂时租住在大院。	6,23,26	10,0	
1255	八姑为了和太子炳一起参加喜宴，打算改掉随便发脾气的毛病，但是本性难移，在宴会上看见太子炳和秘书有染就大吵大闹……	0,1	1,0	
1256	西洋蔡欠人钱，还了部分钱后，借钱人在借条上做手脚敲诈西洋蔡，金医生帮助他摆脱追债人的诡计。	10,11	4,7	
1257	鸡公福和发仔看不惯八姑欺负阿香，当着众人面挤兑嘲讽八姑，让八姑丢了脸面。	1,4,6,7,29	0,1	
1258	太子炳出门被人打失忆，沦落到做乞丐。	0,1,23	4,1	
1259	作家和舞女阿莲通过伍姑娘接近太子炳企图绑架太子炳，鸡公福发现端倪后告知伍姑娘，两人商量之后打算请三六九帮忙。	0,6,14,24	6,1	
1260	三六九因立功心切，偷看卷宗，擅自调动警力抓粤西绑匪抢了牛局长功劳，激怒牛局长，被牛局长抓进监狱。	23,24,25,28	3,7	
1261	西洋蔡合伙人阿鹏得了重病，在知道自己时日无多后，他打算找人杀他骗取保险金给家人，街坊知道后阻止了他。	10,11	4,7	
1262	太子炳为了和情人幽会，利用玉嫂送竹升面作掩护。八姑看他们两人最近来往密切，就误以为太子炳和玉嫂有一腿，就到处说玉嫂坏话，败坏她名声。	0,1,6,7,15	7,1	
1263	北方战乱，大量难民涌来广州，街上公厕不够使用，难民借用大院厕所遭到八姑拒绝。	0,1,10	10,1	
1264	西洋蔡见平少调戏奀妹，便对平少大打出手，巡街的一四七看见二人打架将他们带回警局。	8,10,11,12,25,26	2,7	
1265	太子炳去乡下花大钱为六叔公过生日。	0,1	4,1	
1266	丘富担心自己得了性病，小诊所治不好，他打算请三六九帮忙，给他找船去香港找西洋医生检查身体。	24,25,29	7,3	
1267	朱德章在蔡祝行吃饭，因忘记带钱包所以将手表给西洋蔡当做饭钱。	0,1,3,4,5,11,12,24	7,2	
1268	八姑知道张太喜欢吃河鱼，为讨好张太去岩石渡卖鱼佬那挑选新鲜河鱼，结果和同行的蔡妈误中沼气晕倒。	1,19	5,0	
1269	长相酷似丘富的郭明仔盗窃汪处长家并打晕汪太，汪太报警后牛局长和丘富、马主任奉命来汪家调查案情。	23,25,26,29	5,4	
1270	鸡公福英雄救美玉嫂表妹海棠，于是海棠喜欢上鸡公福。鸡公福喜欢的人是玉嫂，为摆脱海棠追求，鸡公福假装和别的女人有染，让海棠讨厌他，对其死心。	6,15	1,0,7	6:2
1271	阿一因蕉结识三六九。	23,24,25,26	4,10	
1272	鸡公福的乡下亲戚虾叔、虾婶倚老卖老，搞道德绑架要鸡公福筹钱。	6,14,29	3,7	
1273	牛太撞倒阿婆，吴秘书太太看见后要牛太赔阿婆医药费，牛太不承认撞人，还反咬一口说阿婆是吴太撞的，两人争论不休。	11,14,23,24,25,26,28	7,1	
1274	阿禄嫌弃基叔家伙食差，就来广州投奔西洋蔡。	7,11,12,18	0,4,5	
1275	太子炳看中阿禄的赌石能力，想让阿禄帮他赌石为他所用，阿禄不同意。	0,12,18	7	
1276	成记靠加份量的方式招揽客人，抢走了蔡祝行的食客，导致蔡祝行生意不好。	1,4,10,11,12,18,19	0,1,11	
1277	阿香认为孝顺父母，首先就要做到尽心奉养，为父母着想，其次才是顺从父母的意志，虽然对八姑好，但做事总是忤逆八姑的意……	1,4,7,10	5,0,4,1	
1278	上级派苏文峰旅长空降，苏文峰打算要大展拳脚，要严格治军。	29	10,4	9:3
1279	二五八看中婷婷大方得体、又爱干净和婷婷闪婚，可婚前婚后的婷婷判若两人，二五八只看到婷婷的表面，真实的婷婷是母老虎，事事都要管着二五八……	25	8,1	
1280	三六九联合他人设天仙局，冤枉太子炳杀人，敲诈太子炳。	0,5,24	0,7	
1281	刘团长强娶程小姐，街坊和丘富帮助她逃出刘团长的控制。	29	7,1,4	
1282	疫情爆发，医院声称有高价特效药可控制病情，得病的街坊没钱支付医院的高价药费唯有等死。	6,10	6,1	
1283	八姑、刘定坚看到鸡公福和玉嫂关系密切就到处说闲话造谣生事，玉嫂为避免是非搬出大院。	1,5,6,15,32	7,1	
1284	玉嫂的小叔子阿忠来接玉嫂回乡下居住，在受到八姑撺掇后发现玉嫂和鸡公福有染，为了死去的大哥，他要打死这对奸夫淫妇。	1,6,15	10,5	
1285	刘定坚捡到白虎堂的黄金，以为自己发横财就不用依靠太子炳，便一朝得志语无伦次，完全不将太子炳放在眼里。	0,5	4,1	
1286	上级派万范礼和陈曦两位记者采访军队，团长安排丘富接待和保护两位记者。	8,23,29	3,10	
1287	海记老板阿海和西洋蔡争街市，阿海为了抢生意派人去蔡祝行偷师，被西洋蔡发现。	6,11,18	4,7,11	
1288	刘定坚被太子炳赶出家门，为重返回家之路，八姑和刘定坚合作，让太子炳染上新型血病毒，然后刘定坚献血给太子炳，博太子炳好感，让刘定坚回家。	0,1,5	7,1	3:4
1289	阿兰结识阿正，在阿正的牵线下，入股大华橡胶公司。	9	4,10	7:2
1290	阿兰当金股东，街坊纷纷找她入股，今时不同往日，阿兰开始发达。	9	4,10	7:2
1291	三六九为当选牛局长秘书替他挡酒，找金医生要千杯不醉秘方。	10,23,24,25	2,8	
1292	太子炳收到雄爷去世的消息，一改常态急忙去雄家上香。	0,1,3,31	6,1	2:0
1293	三六九在背后说太子炳坏话，嘲讽太子炳，太子炳听到后打算报复三六九。	0,3,24	7,2	
1294	阿兰发达之后心态也跟着转变，多年的街坊情义渐渐变淡，她认为街坊看他们有钱了就故意针对他们。	1,8,9	4,0	
1295	芬姨带着外甥媳妇阿菁来广州找阿禄。	7,11,18	5,4	
1296	来自美国的保罗对广府文化很感兴趣，他出钱让西洋蔡做他的向导带他领略广州的风土人情和美食。	3,10,11,24,25	10,4	
1297	阿兰阿瑞发达之后，就想把平时想做不敢做的，想吃不敢吃的都去体验一番，过把瘾做一回有钱人。	1,6,8,9	4,0	
1298	孙锦珍一直都未进谭家门，八姑在街上看见孙锦珍对人自称谭太，感觉自己的地位受到挑衅，就前去找孙锦珍理论。	0,1,3,31	7,1	2:1
1299	八姑、西洋蔡和奀妹在街上看到有名的接生婆非常抢手，受到他人的巴结，众人不解，八姑解释道有名的接生婆接生的产妇基本上都是母子平安……	1,10,11,12,20	4,0	
1300	盗墓贼在挖太子炳父亲山坟时被警察当场抓获，太子炳指认他们时盗墓贼将太子炳一顿忽悠，使得太子炳相信他们是会寻龙点穴的风水师……	0	9,1	
1301	舞女宝琴被王家灿所杀，她的好姐妹伍姑娘以自身为诱饵引出王家灿找到他的犯罪证据，为宝琴讨回公道。	14	6,7	14:5
1302	三六九在警局做杂役，因为地位低下所以经常受到牛局长和同僚的欺负，三六九感到非常憋屈。	23,24,25	2,0	
1303	金医生师妹何秀珍因为在香港的医馆经营不下去，自己又学艺不精，而记录有秘方的手札父亲传给了金医生，所以就带着老公来到广州……	10	8,7	
1304	阿瑞生日，街坊聚餐为阿瑞庆祝生日，宴席上阿兰的无心之举令西洋蔡感到难堪，他认为阿兰话里有话，贬低他，看不起他，还认为街坊都是势利眼……	6,8,9,11,12,18	7,0	
1305	牛局长和牛太互相看穿，夫妻本是同林鸟，大难临头各自飞。	23,28	2,5	
1306	和阿禄一起学赌石的同乡兄弟郭凡在云南和缅甸奔波三年赚了一些钱，不料被人设局全部身家被骗。	18	4,7	
1307	西洋蔡为了做生意筹资金在蔡祝行推出代餐券回笼资金，结果却得不偿失。	11	4,7	
1308	戴老板请发仔做巡城马，利用发仔巡城马身份帮他运送鸦片。	4,7	6,5	
1309	八姑看孙锦珍不顺眼，请牛太帮忙设局给孙锦珍，牛太请小白脸陈文杰接近孙锦珍，追上孙锦珍后骗她上床随后让太子炳来捉奸。	0,1,28,31	7,1	
1310	三六九千辛万苦抓捕到逃犯罗汉果，却被一四七抢了功劳，三六九有苦难言。	24,26	2,7	
1311	二五八获得优秀警察称号遭到一四七的嫉妒，一四七设计陷害二五八让牛局长撤了二五八的职。	23,25,26	2,7	
1312	街坊讨论鸡公福聪明能破案是神探，阿禄不信，就将八姑的狗故意藏起来让鸡公福找，试探鸡公福破案能力。	1,6,11,18	7,0	
1313	阿兰在和八姑打麻将时得罪八姑，让八姑怀恨在心。	1,3,6,9	7,1	
1314	阿香发仔在车站附近救下一位晕倒的女孩并将她送至金医生诊所。	4,7,9,10,29	7,5	
1315	西洋蔡喜欢借酒消愁，奀妹给他下禁酒令。	11,12	5,0	
1316	喜欢研究酒的酿酒师唐仁造出的假酒能够达到以假乱真的地步，太子炳和牛局长看中了唐仁造假酒的技术，要唐仁和他们合作一起开酒厂赚钱……	0,23	4,7	
1317	徐三怀疑蔡祝行是地下党的联络地点，就打算先取得他们的信任，然后打入其内部。	6,11,18,27	3,7	
1318	丘富的正副团长听说上级选中他们团上战场，不想做炮灰的二人正愁如何避开时丘富找他们要求改善伙食。	10,29	3,4	
1319	阿兰发达后要阿瑞不要像以前那样拼命工作赚钱还关了他的裁缝铺，可过惯了清贫生活的阿瑞突然闲下来十分不适应，整天闷闷不乐。	8,9,11	4,0	
1320	鸡公福得了带状疱疹，玉嫂带他去大医院和专科诊所医生都无法医治，金医生也表示束手无策。	0,4,6,7,10,15	8,0	
1321	阿禄做银狗仔，假富婆娇姐设局骗阿禄钱财，西洋蔡和华慕容帮助阿禄逃脱骗局。	3,11,18	4,7	
1322	伪善养父林老板霸占了养女丽芬，令丽芬未婚先孕。	10,14	10,7	
1323	方导演为了电影投资和投资方曼丽走得近，伍姑娘看到后怀疑曼丽是方导演的情妇，非常生气。	14	9,7	
1324	伍姑娘拍了《舞女泪》这部电影后，红极一时，金钱身份地位的转变使伍姑娘深陷金钱和名利的漩涡无法自拔。方导演和伍姑娘理念不合，关系一度疏远。	14	9,5	14:6
1325	伍姑娘和方导演的误会越来越深，最终分开，一拍两散。	14	5,9	14:6
1326	孙锦珍和太子炳打算逼阿香嫁给卢家，利用联姻关系共同做走私文物倒卖生意。	0,1,3,4,31	6,1	2:2
1327	阿兰亲戚阿旺以亲戚名义道德绑架阿兰，敲诈阿兰钱，阿兰不胜其烦给阿旺一笔钱让他签字后离开。	1,9,24,29	7,0	
1328	翠彤自小丧父，母亲身体不好，家里又穷，为了赚钱养家翠彤前往省城闯荡，不料遇人不淑，被骗卖身，有了第一次就无法回头，只能当妓女卖身赚钱。	10,14,29	10,5	
1329	阿兰发达之后和阿瑞有了代沟，为工作需要阿兰对外不敢承认阿瑞是自己老公，这让阿瑞认为阿兰嫌弃他。	8,9	5,0	7:3,14:7
1330	西洋蔡和阿光合伙开海味店，一四七看到海味店赚钱想分一杯羹就提出和阿光合作。	6,11,26	4,7	
1331	三六九掌握了曹青民的把柄得到徐三上司郑副局长的支持，三六九一手炮制假共党传单案，并把功劳让给徐三，徐三受到嘉奖所以三六九得到徐三的重用。	24,27	2,3	8:5,13:3
1332	徐三接到上级命令，要他物色新人加入保密局。	23,24,25,27	2,7	8:5,13:3
1333	太子炳想通过三六九牵线国大代表曹青民，三六九趁机敲诈太子炳，徐三恩威并施惩罚三六九。	0,24,27	4,2	
1334	三六九追捕通缉犯初七，初七受了枪伤逃到大院躲进金医生诊所，并请求金医生为他治疗枪伤。	6,9,10,24	7,8	11:4
1335	王小姐见阿禄有趣就对阿禄展开追逐，阿禄认为王小姐追求他是图新鲜，为了好玩并对王小姐的追求不堪其扰。	0,1,3,4,7,18	5,7	
1336	财叔老婆生病急需用钱，他听说王伟有一大笔儿子寄来的钱就向王伟借钱，王伟知道财叔好赌是个赌鬼，借给他钱肯定有去无回，所以拒绝财叔的请求。	3,24,25	7,2	
1337	鸡公福因为能说会道又对生活有诸多感悟，经记者报道后上了新闻头条，被人称咸酸大师，许多跟风之人慕名前来，令鸡公福不胜其烦。	0,6	4,0	
1338	金医生结拜兄弟刘金波临终前写信让其女儿阿凤投奔金医生，阿凤下火车后丢失了金医生住址只能选择流浪，歌女阿慧看阿凤可怜就收留了她。	4,9,10	8,10	
1339	八姑想融入以梁太为首的名媛圈，打听到梁太喜欢听八卦消息，八姑就让华慕容帮忙千方百计搜集八卦信息，谁知吃瓜到梁太身上。	1,3	9,1	
1340	国军特派员罗小凤和牛局长通过扩建机场招标工程骗太子炳钱。	0,23	3,4	
1341	一四七不忿三六九做了警长骑在他头上作威作福。	23,24,25,26,28	2,7	
1342	黑心商人顾友恒垄断南方面粉市场，做囤积居奇生意。	6,7,15,23,32	10,4	
1343	鸡公福和玉嫂好事将近，不过命运造化弄人，鸡公福前妻阿德此时出现。	6,15	5,10	6:3
1344	鸡公福和前妻阿德相认，他不嫌弃阿德毁容想和阿德再续前缘，为了和阿德在一起鸡公福只能对不起玉嫂。	6,15	5,10	6:3
1345	西洋蔡因为搬重物不小心扭伤腰所以他委托阿禄看管蔡祝行，奀妹妈听说蔡祝行缺人手就来帮忙和阿禄一起经营蔡祝行。	11,12,18,20	4,0,11	
1346	太子炳为了当上大华公司广州地区经理，和严厅长沆瀣一气陷害阿正，以通共罪逮捕阿正。大华公司老板解围救出阿正，并盯上太子炳。	0	4,1	
1347	大华公司老板盯上太子炳，为了使其上钩找人假扮富商和太子炳竞争广东地区经理位子，太子炳成功入局。	0	4,1	
1348	大华公司爆雷，推出阿正当替罪羊，阿兰梦醒，破产还债。	9	10,4	7:4
1349	孙锦珍联合她的旧情人——南洋富商于礼照，实施针对太子炳的全盘计划。	0,1,3,24,31	6,1	2:3
1350	为了使孙锦珍放松警惕，八姑抽身自保、登报弃夫。	0,1,3,4,24,31	6,1	
1351	太子炳身家经孙锦珍一案后大幅缩水，为满足虚荣心，证明实力，太子炳四处散财，成为其他人的大水鱼。	0,31	4,1	2:4
1352	牛局长命令三六九抓被赤化的学生，街坊和丘富帮助学生去解放区。	23,24,29	3,10	
1353	八姑埋怨太子炳被孙锦珍骗走大半身家，太子炳为充大头给八姑一张假的大额存单，八姑做出各种败家行为。	0,1,3,31	7,1	
1354	蔡妈为奀妹胎儿健康着想，让奀妹少吃多运动，奀妹却以为婆婆刻薄她，两人产生矛盾。	10,12,19	5,0	
1355	二五八英雄救美胡将军女儿胡笳，胡笳因此喜欢上二五八。三六九担心攀附上胡将军高枝的二五八将来对自己不利，就设计陷害二五八，使胡笳和二五八反目。	24,25	2,7	
1356	太子炳经常不在家，八姑为了讨好太子炳，就打算用美食焖牛腩留住太子炳。	0,1,10,11	4,1,11	
1357	丘富霸占张先生房屋，看阿兰一家生活困难就把房屋交给阿兰让她出租，补贴家用。	8,9,29	10,0	
1358	阿宗阿义兄弟为了钱铤而走险绑架了太子炳，两兄弟的异常举动引起了鸡公福的怀疑，鸡公福分析查证后发现绑架太子炳是阿宗阿义兄弟所为……	0,6	6,1	
1359	东南涌爆发热症，金医生去疫区救治病人。	1,4,6,10	8,10	
1360	牛局长贪掉上级拨款和伙食经费逼得卢堂长提前退休，但饭堂必须要有人接手。	23,24,25	2,4	
1361	阿瑞最近接不到活，生意差，家里生活难以为继。	6,7,8,9	4,0	
1362	警局的几次任务都失败，牛局长怀疑警局内部出了内奸，就命令二五八调查三六九和一四七谁是内奸，结果是牛局长喝醉后无意中说出计划的。	23,24,25,26	2,7	
1363	阮大嫂用陈皮治好了阿瑞的病，太子炳和三六九知道后就想方设法得到阮大嫂的陈皮。	0,8,24	4,1	
1364	大钟楼坏了，街坊没有知晓时间的工具十分不便，太子炳因为和街坊斗气就把自己家的钟关掉，结果忘记时间错失了一笔生意。	0	4,1	
1365	阿瑞在舞厅工作时看见服务员华记偷龙转凤，就告诉经理，经理和华记沆瀣一气、蛇鼠一窝，为避免阿瑞乱说就做局栽赃陷害阿瑞，要阿瑞赔偿天价酒钱。	8,18	4,7	
1366	一四七、二五八为了追求警花林韵，各施手段。	24,25,26	2,5	
1367	经过一番波折，奀妹生下女儿。	12	5,0	5:5
1368	蔡妈为奀妹提前准备了足料的猪脚姜，谁知奀妹生下的是女孩，重男轻女的蔡妈感到不甘心，就把猪脚姜一分为二，将装满猪脚的大埕让阿禄放置在咸杂铺……	6,11,12,18,19	9,0,11	5:5
1369	孙锦珍在南京监狱里救下一位大官，大官将孙锦珍收为义女，帮他打理在广州的生意。	0,3,31	6,1	2:5
1370	徐三调查刘达三被杀之谜，八姑和孙锦珍卷入其中，三六九充当双面间谍。	1,24,27,31	3,7	
1371	鸡公福和玉嫂结婚，奀妹和西洋蔡女儿满月，两家一起办酒。	6,11,12,15	5,0	6:4
1372	保密局密探让三六九暗杀乱说话的人，三六九不想这么做。	24,25	3,2	
1373	西洋蔡女儿生病急需用钱，西洋蔡就逼阿禄赌石。	11,18	4,7	
1374	玉嫂花钱向八姑购买螺肉粉的做法，玉嫂做出来的螺肉粉受到了街坊的欢迎，但是鸡公福看到玉嫂卖螺肉粉很不高兴，两人闹起了矛盾。	1,6,15	4,7,11	
1375	太子炳急于做生意不小心和走私犯合作，做走私盘尼西林生意，太子炳想脱身但已是泥足深陷，只好向三六九寻求帮助。	0,24	4,1	
1376	三六九向阿兰提供信息，阿兰利用神婆身份两人合作帮人问米赚钱。	6,9,24	9,4	
1377	蔡妈见西洋蔡一边照顾孩子还要一边看着店铺赚钱很辛苦，两头很难兼顾，就要他们送女儿回乡下让奀妹妈养。	11,12,19,20	5,0	
1378	三六九将警局查抄收缴的赃物手表偷龙转凤拿出来卖给太子炳，太子炳将表送给八姑。	0,1,23,24,25,28,31	2,4	
1379	阿禄喜欢说大话，结果祸从口出，惹出不少麻烦。	18	4,7	
1380	阿瑞性格软弱，但是遇到老婆阿兰被人欺负就会激发身体潜能，变的勇敢无畏。	8,9	0,1	7:5
1381	三六九讨厌艾灸，但是屁股上长赘疣，想要艾灸又怕被人取笑，就自己动手结果赘疣没好反而更严重了。	10,24	8,7	
1382	太子炳因宴请贵宾，需有人制作一道正宗如香楼风味的白云猪手，于是登报重金悬赏会做白云猪手的厨师。	0,6,11,18	4,1,11	
1383	王老六三年前因救下一位被恶少欺负的盲女，三六九经手此案，迫于上级压力三六九只能冤枉王老六是强奸犯，使其坐三年牢。	23,24	10,7	
1384	鸡公福合作商胜哥的老婆因为生病被庸医压榨，急需筹钱的胜哥利用合同问题敲诈鸡公福，为老婆治病。	6,7,10,15	4,7	
1385	三六九和保密局梁队长共同做走私香烟生意，两人的密切接触引起徐三怀疑，徐三怀疑三六九是梁队长安插在他身边的内应。	11,24,27	3,2	
1386	发仔被合作商阿陈敲诈，老胡出面替他解围，简单寒暄后得知老胡是当年车工会的账房先生，两人约定择日再叙遂后道别。	7,10	6,4	
1387	奀妹和西洋蔡为了以后孩子生活得更好，暂时没有生二胎的想法。	1,11,12,19	5,0	
1388	阿香渐渐长大越来越觉得自己没用。	1,3,4	5,0	12:2
1389	街坊帮助阿香，想让她成为华慕容的徒弟。华慕容请阿娇帮忙，设局考验阿香。经过考核，阿香成功过关，拜师华慕容。	3,4	5,4	4:7,12:2
1390	八姑不习惯没有阿香服侍的日子，就请三六九帮助让阿香从当铺回到大院服侍她。	1,4,24	1,0	
1391	八姑冤枉阿兰偷了她的钱，就当着街坊当面找阿兰理论，恰巧这时有人告诉八姑她的钱打赏给了戏子，冤枉不成阿兰不想认错的八姑给了阿兰一大笔封口费……	0,1,8,9	7,1	
1392	西洋蔡为了养女儿赚更多钱去海外，天公不作美半路遇土匪船沉，西洋蔡跳船逃生。	11	4,10	
1393	护士弄错二五八的病历，医生说二五八肝病晚期只有三个月可活，将死的二五八决定摒弃以前那个懦弱的自己，当一个无畏的真男人。	25	2,7	
1394	刘老爷和古董商人吴先生合作，用琉璃碗设局，在炳盛大押交易时把真碗换走，用打碎的假碗冤枉阿香，让炳盛赔钱。	0,4	7,1	
1395	阿瑞从舞厅带回来的汽水引起了阿兰的喜欢。	8,9	0,4	
1396	玉嫂堂弟阿生来到大院，强势的玉嫂想让他遵从家族的意愿做生意，喜欢安排他的一切。	6,15	5,0	
1397	章少爷想让阿香做模特画肖像画，发仔见他们两人走得近就开始吃醋，两人之间产生误会。	0,1,4,7	7,5	
1398	八姑亲戚凤怡的丈夫外出做生意迟迟不给家里消息，联系不上丈夫的凤怡打算去找他，但是女儿珮珮在身边，凤怡担心照顾不好她就将她暂时托付八姑照顾……	1,11,12	0,1	
1399	发仔买了一件旗袍送给阿香当做礼物，阿香穿旗袍时被八姑发现，八姑逼问她旗袍是否为发仔所送，阿香不承认。	1,4,7,9	5,0	
1400	太子炳和陈老板打赌说八姑会做酸梅鹅，八姑为了过关，计划找阿禄替其制作。	0,1,12,18	4,1,11	
1401	北方战乱，北方人大量南下，阿兰发现去码头摆地摊赚钱商机，于是去码头摆摊卖货。	9,15,24	10,4	
1402	太子炳生病需要有人给他献血，但太子炳血型属于稀有血型，为找到血型匹配者，太子炳登报以金钱和谭家姑爷为奖品。	0,4,7	8,1	
1403	得了老年痴呆的罗声理不小心走丢，在街上遇到阿禄就将阿禄当成自己儿子，阿禄见老人可怜不忍心丢下他就带回家。	0,3,18	7,1	
1404	发仔经常帮朋友给朋友钱，阿香见他存不下钱就提议把钱交给她保管，谁知这钱不小心被八姑看见并强行抢走了。	1,3,4,7	7,1	
1405	太子炳因为孙锦珍事件后身家缩水，今时不同往日，往日的人也不再吹捧他，说他是一品乞丐、穷鬼公子拉踩他。	0,3,31	4,1	
1406	孙锦珍、牛局长、丘富设局用船陷害太子炳，谋取利益。八姑、华慕容知道后请三六九帮忙，破解了孙锦珍、牛局长、丘富的计划，让太子炳幸免于难。	0,1,3,23,24,29,31	6,1	
1407	孙锦珍和牛太为了当选西关民联会会长，明争暗斗，各施手段。一番争斗下来，牛太当选会长，孙锦珍当选副会长。	28,31	9,1	
1408	上级颁布禁舞令，为了舞厅生意，孙锦珍别出心裁在大院找良家妇女充当舞女游街抗议。	28,31	4,1	
1409	霍乱肆虐，金医生遵从传统药方给病人开药，病人吃了药后病情迟迟得不到缓解。	10	8,10	
1410	喜欢偷窃的胡须佬搬进大院，因为热心助人所以受到街坊的欢迎。	1,6,29	7,0	
1411	三六九喜欢上教书的阿琴，但阿琴有个得病的父亲，为了摆脱这个拖油瓶，三六九打算趁阿琴出门将她父亲赶出家门。	24	2,5	
1412	八姑得罪了孙锦珍，孙锦珍为报复八姑就做发仔和阿香的红娘，故意让八姑打烂手镯来陷害八姑。	1,4,7,31	6,1	
1413	孙锦珍保镖王阿友在蔡祝行吃霸王餐，西洋蔡为讨要餐费和王阿友打架，警察赶到将一行人带至警局。	11,24,31	2,4	
1414	游先生看中阿香扎的灯笼好看，选择和炳盛大押做生意。	1,3,4,7,11	4,1	
1415	刘家小姐即将嫁去山西，作为刘家近身的洪姑也选择一同前往。	0,1,10,24,21	3,10	
1416	西洋蔡找人收账，结果那些人赖着不给说阿兰欠西洋蔡钱最多，应该先追阿兰的债，否则他们心里不服气，追到阿兰的债他们才愿意还钱。	9,11,12	4,7	
1417	孙锦珍看中姚姚女大学生身份，帮姚姚家还债，让姚姚在舞厅陪客人跳舞帮她赚钱。	31	6,5	
1418	馨姐和儿媳吵架，一时想不开就离家出走打算来广州投靠亲戚。	0,1,3,4	10,0	
1419	太子炳为当选市参仪从维护妇女权益问题入手，给妇女提供许多帮助，来提升他的知名度。	0,1,3	4,1	
1420	孙锦珍和牛局长合作想利用太子炳的船去海南岛转移他们的私货，孙锦珍计划劫持太子炳运货的船，将所有责任推给太子炳。	0,3,23,31	6,1	
1421	老胡打算和西洋蔡合伙做酒楼生意，奀妹认为老胡是个骗子不让西洋蔡和他合伙做生意，太子炳和八姑认为开酒楼有利可图也想掺和这件事……	0,1,11,12	4,1	
1422	韦伦救下失足落水的淑贤，淑贤父亲为了淑贤名声着想，要将淑贤嫁给韦伦。	10	5,8	
1423	孙锦珍掌握着太子炳等一众船商做生意用的通行证。	0,3,31	4,10	
1424	三六九做草药生意赚取外快，但货源差只能赚到很少的钱，听到郭老板说广西桂雄草药行的货源好，拿到货源可以赚大钱。	3,7,24,29	4,3	
1425	牛局长冤枉陈铭森诈骗，想从他身上捞钱，徐三知道后也想分一杯羹，于是就和牛局长展开了博弈。	23,27	2,7	
1426	蔡祝行生意不好，西洋蔡看同行有份军营合约生意赚得盆满钵满十分羡慕。	11,12	4,10,11	
1427	西江水匪猖獗，水警伤亡严重，急需从市内巡警调集精英去补充，作为优秀警察的一四七、二五八、三六九担心被选中去剿匪，就拼命抹黑自己……	24,25,26	2,7	
1428	孙锦珍和地下情人李署长拍了一张不能见光的合照，李署长因为贪腐案落马自杀，孙锦珍怕牵连到自己，就千方百计的想找回这张照片。	31	7,6	
1429	国军接连战败征兵困难，上面实行抽签征兵，西洋蔡和发仔在抽签之列。	7,11,23	10,3	15:3
1430	时势不易，赚钱艰难，西洋蔡谈失败了一笔生意，奀妹想到老乡开的故衣店生意不错，就想要做故衣生意帮衬家用，西洋蔡以奀妹不懂做生意为由不支持奀妹。	8,9,11,12,18	4,10	
1431	丘富面临随时上前线当炮灰的命运，最大的遗憾就是没有子女。	29	3,5	9:4
1432	洪姑经常施医赠药，对穷人不收诊金药费，导致自己入不敷出。	10,21	8,10	
1433	阿禄生病洪姑开汤方给他，洪姑的汤对阿禄身体恢复效果很好。	11,18,21	8,0	
1434	太子炳和八姑看阿香和发仔在一起十分生气，就打算拆散他们。	0,1,3,4,7	5,1	
1435	牛太喜欢阿兰做的臭豆腐，牛局长不喜欢臭豆腐，阿兰夹在牛局长和牛太中间两头为难。牛太想出办法请阿兰做她家佣人解决阿兰困境。	9,23,28	0,1,11	
1436	钱主席因为阿兰的疍家人身份对阿兰特别关照，孙锦珍和牛太在钱主席面前争名夺利，两人逼阿兰在钱主席面前为她们说话让钱主席同意她们的提案。	9,28,31	10,1	
1437	薯仔头跟坤叔争摊位打架，发仔不分青红皂白想上去帮忙，被阿香阻止，薯仔头被警察拘留。	3,4,7,25	6,2	
1438	八姑请玄空大师在大院找适合建土地庙的地方，金医生发现玄空大师很眼熟但又一时想不起来是谁。	0,1,10	9,1	
1439	马厅长、孙锦珍和太子炳三人密谋生意，马厅长尿急离场，只剩下孙锦珍和太子炳两人。	0,1,4,18,31	4,1	
1440	黑龙会陈大龙来大院找街坊收保护费，南哥替街坊出头与陈大龙对打，陈大龙不敌南哥受伤离去。	32	6,0	
1441	秦老板与太子炳和李老板做生意的前提是看谁的酒量好，谁酒量好就和谁合作。	0,11	4,1	
1442	好吃懒做、偷奸耍滑的阿圆来省城投奔表姐阿兰，阿圆以为阿兰发达了自己能过好日子，结果却是表姐破产，家里一贫如洗，阿圆大失所望。	1,7,8,9,23,28,22	10,0	
1443	三六九和二五八利用警察身份做囤积物品、倒卖货物生意。	23,24,25	2,4	
1444	八姑带医学生林深来大院租房时遇到太子炳吃榄被榄核卡住喉咙，一行人将太子炳送到金医生诊所。	0,1,10	8,0	
1445	二五八乡下同族兄弟阿宸被恶霸当街打死，二五八不畏强权帮他讨回公道。	25	2,10	
1446	莫关长卖高价题字费，太子炳甘愿做大水鱼。	0	4,1	
1447	西洋蔡和发仔合伙买单车，但因为单车使用问题闹出不少矛盾。	7,11	0,4	
1448	奀妹外甥飞仔被人贩子拐跑，街坊和二五八设局引出人贩子并当场抓获。	12,23,25	6,2	
1449	太子炳当吝啬财主克扣仓库搬运工人工资，街坊帮助工人找太子炳为他们讨回公道，拿回他们应得的报酬。	0	1,10	
1450	阿兰亲戚阿翠逼她的养女阿竹嫁给人品不好、脾气暴戾的阿松。街坊怕阿竹狼入虎口，受苦一生，就帮助阿竹跑路，使她逃脱悲惨的命运。	9	10,7	
1451	买办侯先生看上阿禄厨艺想请他去轮船上做大厨，西洋蔡担心在轮船上工作有危险就不让阿禄去。	11,12,18	4,5	
1452	陈特派员被暗杀，徐三吩咐属下寻找凶手，同时命令三六九去太平分局当情势特派专员，三六九不想当特派专员。	24,27	2,3	8:6,13:3
1453	徐三因为盘尼西林案被上级撤职派到太平分局做特派专员。	27	3,2	8:6,13:3
1454	丘富让他的世侄阿生跟着发仔和西洋蔡学习，但阿生仗着有丘富撑腰不好好做，偷懒耍滑，这让发仔和西洋蔡十分苦恼。	7,8,10,11,24,29	3,4	
1455	三六九得知最近截获一走私小船，上面装有烈性炸药，必须有巡警现场解除爆破，但风险极高，无人敢去。	23,24,25	2,7	
1456	鸡公福乡下亲戚细蚊来到省城投奔他，让他帮忙介绍工作。	6	0,4	
1457	做卖猪仔生意的古老板在大浦开展业务时，不小心走漏风声，劳工跑光，这次以南洋贸易公司经理身份为掩护，转战广州继续做卖猪仔生意。	0,1,11,12,18	10,4	
1458	鸡公福堂弟阿水要把他儿子小豆子过继给鸡公福，鸡公福对玉嫂说了后，玉嫂以别人的儿子和自己不亲以后靠不住为由拒绝，态度强硬并表示要生自己的孩子……	6,15	5,0	
1459	伍姑娘和黎公子从上海归来，孙锦珍想利用伍姑娘的明星身份加盟舞厅一起合作赚钱，但伍姑娘要合作的前提是要舞厅的两成股份，这遭到孙锦珍的拒绝。	14,31	6,4	2:6,14:8
1460	玉嫂假扮黎夫人给孙锦珍打电话这件事让她十分担心，因为担惊受怕所以表现出不同寻常的举动，这引起了八姑的怀疑。	0,1,14,15,31	7,1	14:8
1461	鸡公福的香炉遭到了太子炳的觊觎，太子炳认为这个香炉是添丁香炉，要不择手段得到它。	0,6,15	9,1	
1462	难民流落广州，刘丽琼下令驱赶。金惠民义诊，林福等人偷偷救助重病母女。母女托付假金链，刘丽琼查验发现是假链欲追责，但母女已获救。街坊感慨乱世中尽力伸出援手的善意。	0,1,10,6,11,9	10,0	
1463	伍姑娘与黎公子的合照无意中被三六九捡到，三六九利用照片想大做文章，但是照片又被牛局长发现，照片事件持续发酵。	14,23,24	9,2	
1464	阿禄手不小心被粥烫伤，一个月不能沾水，少了阿禄这个帮手，西洋蔡在蔡祝行手忙脚乱，生意也无人光顾，聘请掌厨是亟待解决的事。	6,11,18	4,0,11	
1465	玉嫂亲戚琴姨逼她女儿阿琼嫁给恶霸阿蕉，街坊帮助阿琼，让琴姨看清了阿蕉的为人，成功退婚。	1,15	7,0	
1466	太子炳、邵老板、牛局长三人合伙做棉花生意。	0,23,25	4,2	0:7
1467	牛局长想害黄老板，阿兰因为记着黄老板对自己的好，所以给黄老板通风报信，黄老板逃过一劫。	9,23	7,2	
1468	大院有偷窥狂经常偷看妇女洗澡，使大家人心惶惶。	1,14,29	7,0	
1469	赵公子威逼奀妹假扮赵老太女儿，让奀妹假扮的赵小姐对赵老太说自己放弃继承家产将家产留给赵公子，奀妹不想骗赵老太就对她说出赵公子的计划……	12	7,1	
1470	徐四妹、阿唐和华慕容交易玉如意，交易完成后阿唐在和华慕容喝酒时趁其不备偷走玉如意。	3,4	4,7	
1471	牛局长派二五八打入被赤化的岭南机器厂工人里，做线人卧底。徐三也想查这件事，并让三六九调查此事。三六九夹在徐三和牛局长中间两头为难。	23,24,25,27	2,3	
1472	看完电影阿香说发仔从来没有像电影里一样对她说过“我爱你”这句话就生气，还向奀妹抱怨说因为没有听到发仔对她说“我爱你”这句话……	4,7,12	5,0	
1473	丘富让街坊帮他装病，免于上前线当炮灰。	29	3,0	
1474	疍家女遭丈夫长期家暴重伤昏迷。丈夫伪装好丈夫并编造妻子有私情的谣言掩盖罪行。金惠民、莫爱兰暗中走访识破伪造证据，揭露丈夫家暴及栽赃阴谋，妻子奇冤得以昭雪。	10,9	10,7	
1475	太子炳吝啬刻薄，趁人之危以低价买了阿朗家的传家宝印章，阿朗爹被气死，阿朗母亲自杀，太子炳良心不安，惶惶不可终日。	0,6,11,18	4,1	
1476	三六九觊觎林小姐，南哥为保护义妹林小姐和三六九争斗。	24,32	6,2	
1477	南哥劫走了孙锦珍的盘尼西林，三六九利用盘尼西林被劫案报复南哥。	24,31,32	6,2	
1478	李家小姐霖霖喜欢发仔，但是霖霖身患绝症时日无多。	4,7	5,10	
1479	刀仔会与牛局长有仇，在了解到阿兰在牛局长家工作后就绑架阿瑞，逼阿兰给牛局长吃的饭菜里下毒。	8,9,23	6,2	
1480	邵医生因为金医生没有医师牌照就抹黑金医生，说他无证行医，抢他的病人。	10	8,4	
1481	发仔在咸杂铺经常赊账给别人，有时还会对客人发脾气，玉嫂觉得他不会做生意，为了不影响到咸杂铺，玉嫂便对发仔约法三章，让他签保证书。	6,7,10,15	4,0	
1482	阿禄无意间在一本书里看到咸杂铺里藏有宝贝，于是和西洋蔡一起去咸杂铺寻宝。街坊知道两兄弟的计划后整蛊了两人，并在咸杂铺挖出不值钱的银票。	11,18	4,7	
1483	一四七和牛局长、徐三、三六九三方展开智斗，结果不分胜负。	23,24,26,27	2,7	
1484	丘富部队放假，放假之余丘富找发仔喝酒，并将几瓶洋酒存放在发仔阁楼。	4,7,11,12,24,29	3,5	
1485	昌哥见西洋蔡生意失败，灰心丧气，为了鼓励西洋蔡就将普通炮仗说成丁财炮送给他。	0,1,11,12,18	4,0	
1486	新年将至，停摆十年的桨栏路花街又将重开，街坊认为花街重开肯定热闹非凡，摆花街卖花可以赚许多钱，于是街坊推举有卖花经验的阿兰……	4,6,9,11,15,23	10,4	
1487	太子炳和赵老板做生意，因赵老板资金周转不灵故用一批纱布顶债。	0,3,11,12,18	4,1	
1488	经伍姑娘推荐，电影剧组在七十二家大院取景并进行拍摄。	14,23,24,25,26	9,2	13:4,14:9
1489	太子炳和三六九最近被脱发问题困扰，向金医生寻求治疗。	0,3,10,24	8,1	
1490	华慕容年轻时初入朝奉行业，一日一位名为陈吉泰的人拿着他的传家宝青花盖碗来当铺典当。	0,3,4,24	4,7	1:2
1491	面对刘科长的骚扰，伍姑娘不堪其扰，正值二五八出现，伍姑娘谎称二五八为省党办黎主任的儿子，让他做挡箭牌赶走刘科长。	0,14,23,24,25	5,2	14:10
1492	阿山和妻子新婚不久，就被国军抓壮丁做了通讯兵，离开时，妻子已有身孕。	29	3,10	9:5,15:3
1493	徐太最近身上很热，晚上睡不好，徐三担心徐太睡眠不足，就放安眠药在徐太饭菜里使她睡好觉。	11,12,18,27	7,2	
1494	暴发户出身的太子炳想上邮轮参加晚宴，目的是结交上层人士，进入他们的交际圈使自己的生意更加顺利，却被人告知邮轮晚宴名额已满……	0,24	4,10	
1495	阿圆外出找工作时，因饥饿交加被生蚝母亲哄骗进屋，将阿圆锁起，不给饱饭吃，还逼她嫁给她的傻儿子生蚝。	6,8,24,22	7,10	
1496	大院的阿勇因频繁失业，精神失常下跳下珠江。	0,1,18,24	10,0	
1497	周聪晚婚，老婆好不容易怀孕却因难产而死，留下女儿小莲，周聪伤心过度变成了盲人。	10,24	9,10	
1498	时值春日，木棉花开，木棉花具有清热解毒，驱寒祛湿等功效，街坊纷纷在大院晾晒木棉花。	0,1,10	0,10,11	
1499	徐三在太平分局做了一段时间的特派专员后，上级的调令到了，徐三以为是他重回保密局的复职涵，结果却是上级让他担任太平分局副局长的调令。	27	2,3	8:7
1500	阿青和父母逃难来广州，逃难途中，阿青父母病死，留下阿青一人在广州，偷窃犯大口狗收留阿青，认她做徒弟，教她偷盗本领。	6,15	10,7	
1501	阿禄和八姑在蔡祝行因一盘炒粉发生口角，吵得不可开交时，丘富及时出现替阿禄解围，使得八姑对阿禄怀恨在心。	1,18,29	7,0	
1502	阿香和发仔的感情之路颇具坎坷，最大阻碍便是太子炳、八姑，两夫妻嫌弃发仔无钱无权无势，看见他们一有亲密举动便马上棒打鸳鸯，拆散他们。	0,1,4,7	5,1	
1503	阿圆家的艇要大修，阿圆只能投靠在表姐阿兰家。	9,14,22	10,0	
1504	西关王公子和东山李大少在夜总会喝完酒后因言语不和发生冲突，王少被李少打伤头部。	23,24,25	6,2	
1505	西洋蔡腰出现问题，但为了脸面，讳疾忌医，不对洪姑说真话。	11,21	8,4	
1506	丘富喝酒后走夜路被小混混当街殴打，洪姑恰巧路过赶走小混混替丘富解围。	29,21	3,0	
1507	自从阿香在当铺做学徒跟华慕容学习之后，其眼界、格局、接人待物和处置事情的能力也发生了很大变化。	3,4,6,7,8,11,12,15	5,4	
1508	林老板专门做给高官显贵牵线，替他们找临时夫人的工作，无意间发现在太子炳当铺典当物品的周美琳符合临时夫人条件……	0,1	4,1	
1509	牛局长近期生病，身体欠佳，不能回警局上班，徐三为了取代他的位子，经常向市局打小报告，说牛局长坏话。	23,27,28	2,3	
1510	时局混乱，大量难民涌入广州，难民抢劫事件频频发生。	0,24,27	10,2	
1511	蔡妈和婵姨聊天，说到同村的文嫂因为儿子不孝顺，结果落得个暴毙街头的凄惨下场。	11,19	9,0	
1512	王督导近日要来西关巡视，徐三和牛局长因为知晓王督导性格古怪，脾气大的特点，都不想接待。	23,25,27	2,7	
1513	阿圆又回到了岸上，方太发现后防止阿圆乱说，就请求八姑替她赶走阿圆。	0,1,23,24,22	10,0	
1514	面对全哥的骚扰，伍姑娘不堪其扰，全哥对伍姑娘的不识抬举记恨在心。	14,32,22	6,5	14:10
1515	牛局长让三六九将一批防水帆布从上海运至广州。	8,23,24,29	3,4	
1516	蔡祝行租约即将到期，但八姑要多加一倍租金才能续租。	0,1,4,11,12,18	1,4	
1517	易念清因为恩师刘处长的关系，即将赴任市政科刘处长秘书一职。	0,6,7,23	2,4	
1518	酷暑难耐，但受限于制冰技术的落后，清凉解暑的冷饮价格昂贵。	18,24,29	4,1,11	
1519	太子炳和老赵合伙做生意，因欠钱故意不给老赵，被气急败坏的老赵绑架，并且让八姑准备两千万赎人。	0,1,23,27	6,1	
1520	西洋蔡在蔡祝行推出的牛三星受到街坊的欢迎。	11,23,28	4,0,11	
1521	四海绸缎庄地基下藏有大量清朝文物以及日本人留下的大批枪械，游击队巩先生和卓南合作，想收购四海绸缎庄，秘密将这批文物和枪械运走。	14,24,32	3,4	
1522	阿旺好赌，被追债人讨债，没钱还债，追债人让他骗他老婆阿宁，说他们儿子得了重病急需用钱，让阿宁卖身换钱。	0,1	10,7	
1523	徐老板与太子炳合作，徐老板儿子从事保险业务，太子炳为了更顺利地与其合作，为全家买下保险支持徐老板儿子事业。	0,1,4,7	4,1	
1524	财政厅黄厅长的弟弟黄锦发，因开车不遵守规则，被二五八罚款，黄锦发记恨在心，对二五八大打出手，还将他绑架带走。	12,23,25,27,29	2,7	
1525	罗满作为半个疍家人，喜欢疍家美食和咸水歌。	22	4,0,11	
1526	阿香好姐妹何盼儿因为父亲病重急需用钱，相信了导游社招导游小姐的广告，谁知金老板的导游社挂羊头卖狗肉，表面是导游小姐，实则要陪客人吃喝玩乐。	0,3,4,7,23	6,5	
1527	二五八为了三六九着想，不想看见三六九利益熏心，在损人利己这条路上越陷越深，就偷偷给三六九吃安眠药和影响食欲的阿司匹林……	23,24,25	2,7	
1528	阿森和思思两人合谋，分别从牛太和牛局长两人身上赚风流钱。	23,28,22	4,1	
1529	小玉一直喜欢卓南，为了卓南拒绝了许多优秀男人。	6,15,32	5,0	
1530	庸医王医生与他人合谋，利用义诊，免费为人看病，却收取病人高价医药费，趁机敛财。	6,7,10	8,10	
1531	警局抓捕通缉犯马骝王行动失败，卓南是马骝王同门师兄，两人之间不合，上级命令三六九请卓南出山，与其合作，缉拿马骝王。	24,32	6,2	
1532	拆白党苏小姐假扮名媛，游走于上流社会，因其赚钱能力出众被称为女财神。	0,1,3	4,7	
1533	小玉搬进大院后，卓南三番两次坏三六九好事，让三六九对他怀恨在心。	0,1,14,24,32	7,0	
1534	阿强和东哥做搭档，合伙做玉石生意。	11,18	4,7	
1535	玉嫂好姐妹阿贞从乡下来到广州找玉嫂，拜托玉嫂和鸡公福帮她做媒，寻一好归宿。	6,7,15	5,0	
1536	八姑在蔡祝行不小心将水泼到兵工署李署长夫人身上，不但不道歉反而恶语相向，李夫人对八姑恃强凌弱、骄横跋扈、欺负穷人的行为十分厌恶……	0,1,24	4,1	
1537	玉嫂好不容易怀孕，街坊都为她感到高兴，鸡公福更是对她关怀备至。	6,15	5,0	6:5
1538	温庭玉出身武林世家，却不好好练功，认为自己已是一位合格的拳师。	0,1,4,7	6,0	
1539	太子炳和表妹绮云青梅竹马，但因为现实问题最终没有在一起。	0,1,24	5,10	0:10
1540	骆副市长喜欢收藏名表，姚老板为求骆市长办事托买办弄到一只名表，结果却阴差阳错下在武德辉工作的美发厅和武德辉的箱子掉包。	0,1,24	7,4	
1541	奀妹在收拾家中旧物时发现西洋蔡还留着他旧情人的物件，就担心西洋蔡旧情复燃，询问西洋蔡，西洋蔡却故意岔开话题，避而不谈。	0,1,4,11,12,19	5,7	5:6
1542	于小姐和其表姐，干妈为拆白党团伙。	0	6,7	
1543	伍姑娘因投资电影失败导致资金链断裂，不得不找银行贷款勉强度日，所以她急于将舞厅股份转让出去。	0,1,14	4,1	14:11
1544	阿圆总想着来钱快又轻松的工作，但苦于无门。	10,22	4,10	
1545	三六九被人追债，看到太子炳为了帮武德辉私下给客人打折，就打算找敲诈高手阿莲合作。	0,1,23,24	2,7	
1546	阿禄喜欢阿英，为了治好阿英的脚伤，不辞辛苦向洪姑学习按摩。	18,21	8,5	
1547	李家因资金链断裂，所以李太要求李小姐接近武德辉，与太子炳结成亲家，从而拯救李家。	0,1	4,1	
1548	阿圆捞鱼虾时捡到一份圣旨，经华慕容鉴定为招安抗英英雄郑一嫂和张保仔一事。	3,23,22	4,3	
1549	耀叔的干儿子昆仔被以肥苏为首的小混混当街打死，肥苏的亲戚是警察局长的亲家，无人敢动，上级催促结案，巡警阿连便想到背井离乡……	0,1,24	10,7	
1550	阿香和发仔私会被太子炳、八姑发现，两夫妻十分讨厌发仔纠缠阿香，为了防止两人来往，八姑对阿香严防死守，密切监控。	0,1,4,7	5,1	4:8
1551	玉嫂从下帅带回来的单枞受到太子炳的肯定，太子炳想到把下帅的单枞和其他特色产品带回广州，经过加工与包装，然后高价卖出，一定赚一大笔钱。	0,1,6,11,12,15,24	4,10,11	
