0	谭宪炳	0	太子炳、炳哥、炳叔、包租公、油炸蟹、软脚蟹、烂番薯、阿炳、炳少	七十二家大院包租公，刘丽琼第二任丈夫，谭香养父。出身东山富家妾生之子，家道中落后靠花言巧语入赘刘家，早期靠八姑家产“吃软饭”。后用妻子资本开办“炳盛大押”当铺、“天上人间”舞厅，发财后性格越发嚣张。油头粉面、狡猾奸诈、欺软怕硬、见钱眼开且好色，对房客极尽剥削却表面装公道，与巡警王虾互相利用，是剧中核心反派之一。第五季继承富婆何三姑遗产后财力达到顶峰。
1	刘丽琼	0	八姑、包租婆、阿八、肥婆琼、残鸡婆、琼表姐、阿琼、琼妹	七十二家大院包租婆，谭宪炳之妻，谭香养母，刘定坚之姊。前夫去世后继承大院房产与大笔遗产。矮胖体型，性格刁泼鲁莽、贪财贪吃、迷信多疑、嫉妒心强、极度自私虚荣，和谭宪炳狼狈为奸压榨房客，对养女阿香动辄打骂，将其当丫鬟使唤。
2	古师华	0	古朝奉、古师傅	第九季“炳盛大押”首任朝奉，在典当行业混迹二十余年，经验老到。因伪造账目、监守自盗偷拿当铺钱财，被太子炳发现后驱逐。
3	华慕容	0	华朝奉、华师傅	第十季起任“炳盛大押”朝奉，接替古师华。八旗子弟出身，自幼随父研习古董文玩，鉴宝能力极强。见多识广，智商情商双高，既是太子炳的“智囊”，多次帮其化解生意危机；又为人有分寸，暗中帮衬大院房客，还收阿香为徒传授朝奉技艺，在街坊中口碑极佳。
4	谭香	1	阿香、死女包、销魂香、谭花香	八姑与太子炳的养女（9岁被买入家中，实际当丫鬟使唤，常年饱受虐待），蒋宏发女友。样貌俊秀，性格爱吃醋、有点胆小任性，但在爱情上极为坚定，只钟情发仔，是房东与房客矛盾的核心关联人物之一。
5	刘定坚	1	阿坚、坚少、刘爷、奸人坚	八姑之弟，谭香的舅舅，太子炳的小舅子。霸道虚荣、自作聪明、欺软怕硬。早年听信姐夫怂恿投资败光家产，长期靠姐姐接济生活，整日游手好闲，视太子炳为眼中钉，处处与其作对。
6	林福	1	鸡公福、福哥、阿福、鸡佬、飞机福	鸡公榄（飞机榄）小贩，后期与发仔合营咸杂铺，再婚后和妻子温碧玉经营竹升面店，是大院核心房客、街坊领袖。乐观豁达、诙谐幽默、有正义感与胆识，见多识广鬼点子多，常出谋划策带领街坊对抗房东与恶势力，是剧中的正面核心人物。
7	蒋宏发	1	发仔、发仔哥、补鞋仔、阿发、发仔记	孤儿出身的补鞋匠，阿香男友。为人耿直乐于助人、好打抱不平，深受房客欢迎，也因此被房东视为眼中钉。性格有点急躁、头脑简单，常因冲动惹麻烦。
8	梁金瑞	1	裁缝佬、阿瑞、瑞叔、牛屎瑞、瑞哥、苦瓜瑞	裁缝店老板，莫爱兰之夫、梁如珠之父，丘富的同乡。老实懦弱、唯唯诺诺、温顺怕事，常被人欺负，遇事总劝人少管闲事，但底线被触及时也会爆发。
9	莫爱兰	1	兰姨、洗衫婆、阿兰、兰姐	以洗烫衣服为生，梁金瑞之妻、梁如珠之母，疍家人出身。勤劳能干、个性刚直泼辣、不怕欺负，常替懦弱的丈夫出头，对街坊热情仗义，是大院里的“爽直人”。
10	金惠民	1	金医生、金银润、Dr.金、金元松、白寒枫	全科医生，本名金元松，笔名白寒枫。原本有正规行医执照，因没钱续牌沦为无牌行医。干瘦近视、性格迂腐固执，但医德高尚、医者仁心，素有“妙手回春”之称，常免费帮穷苦街坊看病，是大院里的文化人与良知代表。
11	蔡广财	1	西洋蔡、阿财、蔡先生、Mr.蔡、财哥、缩骨财	落魄贸易买卖人，后与祝星星合伙开“蔡祝行”杂货铺。见风使舵、阿谀奉承、八面玲珑，见人讲人话见鬼讲鬼话，懂点外语，精于算计贪小便宜，但本性不坏，关键时刻会站在街坊一边。
12	祝星星	1	奀妹、乡下蕉、竹升妹、土特产、乡下妹、番薯祝	西洋蔡之妻，“蔡祝行”老板娘。前烟贩/水果贩，刚到广州的乡下姑娘。天真热情、直肠直肚、大大咧咧，活泼开朗又孝顺，是大院的开心果；后期逐渐成长，变得精明能干，撑起杂货铺生意。
13	周萍	1	韩师奶、Ms.周、萍姐、Miss周、阿萍、周小姐、小明珠	原“天上人间”舞厅头牌舞女，艺名“小明珠”，韩志丰前妻。外冷内热、沉默寡言，心地善良常帮人，有见识有风骨，坚持只卖艺不卖身，是民国底层女性坚韧的代表。后期离开广州前往香港发展。
14	伍文秀	1	伍姑娘	第11季登场，接替周萍的核心女性角色。出身富家千金，战乱沦落，做过舞女、电影演员。既风情万种、擅长交际，又性格刚烈、追逐自由独立，聪慧有主见，曾多次智斗太子炳与孙锦珍，是新时代独立女性的形象。
15	温碧玉	1	玉嫂、阿玉	第二季首亮相，竹升面店老板娘，后来成为林福的妻子。原是林福师弟阿成的遗孀，守寡后到西关开面店谋生，温柔善良、外柔内刚，面对江湖势力也不低头。与林福日久生情，后正式成亲，是大院后期的核心女性角色之一。
16	梁如珠	1	珠女、鸡仔珠、水珠珠	梁金瑞与莫爱兰的女儿。性格像男孩子、直率调皮，常跟父母作对、爱玩耍惹祸，有时会卖花帮补家用，是剧中的孩童视角代表。
17	韩志丰	1	韩生、韩老板、志丰	周萍前夫，曾化名韩耀宗。早年承诺为周萍赎身，却挪用她的积蓄投资失败，最终抛弃周萍，是薄情寡义的商人形象。
18	苏有禄	1	阿禄、有禄、老表	西洋蔡（蔡广财）的表弟，玉石大师基叔的关门弟子，精通鉴玉、相玉，懂赌石，是个玉石行家。乡下过来广州投靠表哥西洋蔡，住进七十二家大院。头脑聪明、悟性高，鉴玉眼光很厉害；但心性不定、有点懒散，爱幻想，总想靠玉石一夜暴富，容易被贪念带偏，本性不算坏，重情义，为人率真单纯，有时傻乎乎的。
19	蔡妈	1		西洋蔡的母亲，传统市侩的老太太，疼爱儿子，对儿媳祝星星多有挑剔，典型的岭南婆婆形象。
20	奀妹妈	1	奀妈	祝星星的母亲，乡下妇人。嘴硬心软、讲原则，常为女儿抱打不平，是祝星星在广州最坚实的依靠。
21	洪牡丹	1	洪姑	金医生的师妹，西医出身，第17季末尾登场。专业干练，性格独立，与金惠民亦师亦友，常一起探讨医术。
22	阿圆	1		莫爱兰的堂妹，疍家女子，第18季登场。淳朴勤快，到广州打工谋生，引发了不少市井生活故事。
23	牛大春	2	牛局长、大春牛、大蠢牛、春哥、大泡和、阿牛、牛牛	广州市警察局太平分局局长。靠妻子牛夫人娘家势力上位，性格贪婪官僚、欺软怕硬，与太子炳亦敌亦友，互相利用又互相提防，是剧中官场恶势力的代表。
24	王虾	2	三六九、九哥、阿九、死九、王队长	巡警，后升任警长。与太子炳交往甚密、互相利用，狐假虎威、贪财好色、造谤生事，经常欺压街坊，是底层恶警的典型形象。
25	黎秋水	2	二五八、水哥	巡警，王虾的下属。性格相对圆滑，贪小便宜但坏得有限，常跟在三六九身后跑腿。
26	张富贵	2	七哥、一四七、大白猪	探员，王虾的师兄。诡计多端、幸灾乐祸，办案手段油滑，比三六九更有心计。
27	徐三	2	徐副站长、徐副局长	原保密局广州站副站长，后调任太平分局副局长，同时保留特务系统身份。城府极深、心思缜密，擅长布局试探，以排查地下党为名在西关制造事端，常与警局众人、房客产生冲突。
28	牛夫人	2	牛太	牛大春之妻，刘丽琼的干姐。娘家势力庞大，性格骄纵强势，牛大春对其既怕又敬，是牛局长上位的关键靠山。
29	丘富	3	富哥、丘营长	陆军少校，国军一五三师一六七团二营营长，梁金瑞的同乡。性格急躁热心、嫉恶如仇、重情重义，常为懦弱的老乡梁金瑞出头，是牛大春的天生对头，也是街坊们的“军方靠山”。
30	丁大龙	3	大龙生	江湖人物，靠南京做官的堂哥龙处长的势力，从太子炳手中强占“天上人间”舞厅，成为新任老板。行事嚣张跋扈，第9季时陷入连环计，死于舞厅大火。
31	孙锦珍	3	孙小姐	太子炳的前情人，外号“蛇蝎美人”。容貌美艳、心机深沉，常设计陷害八姑、争夺太子炳的财产，是八姑的头号情敌。
32	卓南	3	南哥	西关江湖人士，聚义安的头目。为人重义气有江湖气，曾爱慕温碧玉并多次出手帮她，与林福亦敌亦友，是典型的民国黑道人物。
33	何三姑	4		富婆，第五季登场。太子炳攀附的对象，死后将大笔遗产留给太子炳，是太子炳财力升级的关键人物。
