1	1	2	1-2	停水风波	
1	3	4	3-4	自作自受	
1	5	6	5-6	假案真做	
1	7	7	7	加租记	
1	8	8	8	陀枪师叔	
1	9	10	9-10	往事如梦	
1	11	12	11-12	打错更锣执对仔	
1	13	14	13-14	粤曲私伙局	
1	15	15	15	奀妹落难记	
1	16	16	16	卖烟	
1	17	18	17-18	荐人馆风波	
1	19	19	19	“西洋”新房客	
1	20	20	20	西洋蔡的虚荣心	
1	21	21	21	咖喱鸡	
1	22	22	22	八姑惊魂	
1	23	24	23-24	八姑借链	
1	25	25	25	地上执到钱	
1	26	26	26	西洋蔡中标	
1	27	28	27-28	疯狗病风波	
1	29	30	29-30	山鸡变凤凰	
1	31	32	31-32	不速之客	
1	33	34	33-34	茶楼女招待	
1	35	35	35	太子炳的微笑	
1	36	36	36	药假情真	
1	37	38	37-38	穿窿的饮裤	
1	39	40	39-40	新晋捞家	
1	41	42	41-42	千谎百计	
1	43	44	43-44	练武	
1	45	45	45	炳哥醉酒	
1	46	46	46	斗蟋蟀	
1	47	48	47-48	情义两心知	
1	49	49	49	一只竹丝鸡	
1	50	50	50	发财梦	
1	51	51	51	风水鹦鹉	
1	52	52	52	乡下来客	
1	53	54	53-54	影画戏	
1	55	55	55	黄包车失窃案	
1	56	56	56	无中生有	
1	57	58	57-58	韩师奶的秘密	
1	59	60	59-60	收音机	
1	61	62	61-62	中字花	
1	63	64	63-64	死过翻生	
1	65	65	65	金山梦	
1	66	66	66	屋漏之谜	
1	67	68	67-68	双飞榄	
1	69	70	69-70	老侄嫩叔	
1	71	71	71	假作真时真亦假	
1	72	72	72	双黄莲蓉月	
1	73	73	73	捉贼	
1	74	74	74	五行欠金	
1	75	75	75	姊妹读书会	
1	76	76	76	有勇有谋补鞋仔	
1	77	77	77	局长求爱记	
1	78	78	78	棋王之王	
1	79	79	79	特级保护	
1	80	80	80	面子大过天	
1	81	82	81-82	遗珠再现	
1	83	83	83	夜半丽影	
1	84	84	84	离婚记	
1	85	85	85	戒指	
1	86	86	86	拼命三郎	
1	87	87	87	主仆游戏	
1	88	88	88	非常护院	
1	89	89	89	有米无米	
1	90	90	90	疑似父子	
1	91	92	91-92	离家出走	
1	93	93	93	奀妹的艳遇	
1	94	94	94	瞒天过海	
1	95	95	95	青葱往事	
1	96	96	96	夜半一声鼾	
1	97	97	97	阿禄表弟	
1	98	98	98	有梦难成	
1	99	100	99-100	乌龙卧底	
1	101	101	101	中医西医	
1	102	102	102	醉酒思妻	
1	103	103	103	三六九艳遇	
1	104	104	104	原子榄	
1	105	105	105	巡查风波	
1	106	106	106	求仔心切	
1	107	108	107-108	民以粮为天	
1	109	109	109	忆夫得怪病	
1	110	110	110	瓦枕头	
1	111	111	111	特别大奖	
1	112	112	112	收紧银根	
1	113	113	113	偷鸡不成	
1	114	114	114	鬼打鬼	
1	115	115	115	西洋人西洋神	
1	116	116	116	惜花派对	
1	117	118	117-118	大战青龙堂	
1	119	119	119	桃花运	
1	120	120	120	西洋蔡的年夜饭	
2	1	1	1	故衣惊魂	
2	2	2	2	谢恩公	
2	3	3	3	癫佬别传	
2	4	4	4	沙井盖风波	
2	5	6	5-6	便宜老窦	
2	7	7	7	花心测试	
2	8	8	8	情窦暗开	
2	9	10	9-10	竹升面	
2	11	12	11-12	时来运至	
2	13	14	13-14	两公婆一台戏	
2	15	15	15	拉郎配	
2	16	16	16	乌龙征兵	
2	17	17	17	我在舞厅的日子	
2	18	18	18	记账簿	
2	19	20	19-20	三六九有个仔	
2	21	22	21-22	南乳花生肉	
2	23	24	23-24	阿香醉酒	
2	25	25	25	螳螂捕蝉	
2	26	26	26	生财有道	
2	27	28	27-28	情比金坚	
2	29	29	29	咸肉粽	
2	30	30	30	三六九请缨记	
2	31	31	31	金医生的责任	
2	32	32	32	龙珠挂绿	
2	33	34	33-34	副市长被袭之谜	
2	35	35	35	美国瘦饼	
2	36	36	36	愤然投书	
2	37	38	37-38	真人不露相	
2	39	39	39	家乡菜	
2	40	40	40	新官上任	
2	41	41	41	有口难辩	
2	42	42	42	生日礼物	
2	43	43	43	西洋蔡招工	
2	44	44	44	将功补过	
2	45	46	45-46	西关大屋	
2	47	47	47	都是烟仔惹的祸	
2	48	48	48	追债记	
2	49	49	49	内鬼	
2	50	50	50	签名祝寿	
2	51	51	51	开裆裤	
2	52	52	52	神秘特派员	
2	53	53	53	西洋蔡行医	
2	54	54	54	“喊口”喊到惊	
2	55	56	55-56	我要做老细	
2	57	57	57	负薪请罪	
2	58	58	58	庙小菩萨大	
2	59	60	59-60	曲坛姐妹	
2	61	61	61	“绣”出真情	
2	62	62	62	生发记	
2	63	63	63	金医生从文记	
2	64	64	64	对肉当歌	
2	65	66	65-66	牛局长破案	
2	67	67	67	人情难抵债	
2	68	68	68	大合影	
2	69	69	69	装电话	
2	70	70	70	我本善良	
2	71	71	71	米沙粥	
2	72	72	72	鸳梦重温	
2	73	74	73-74	八姑捱打	
2	75	76	75-76	风月夜归人	
2	77	78	77-78	误入忠义堂	
2	79	79	79	“斗令”二摊	
2	80	80	80	玉照整容记	
2	81	82	81-82	惊心骗局	
2	83	83	83	谁谋杀了太子炳	
2	84	84	84	假戏真唱	
2	85	86	85-86	腊味王中王	
2	87	87	87	惊爆危情	
2	88	88	88	百家被	
2	89	90	89-90	神秘来客	
2	91	92	91-92	发仔当差	
2	93	93	93	非礼勿视	
2	94	94	94	拾金案	
2	95	96	95-96	人生如梦	
2	97	97	97	两餐难求	
2	98	98	98	八姑卖女	
2	99	99	99	男儿膝下有黄金	
2	100	100	100	金猪回门	
2	101	102	101-102	神秘的花屐	
2	103	104	103-104	“陈塘”历险记	
2	105	105	105	局长玩雀	
2	106	106	106	八姑行善	
2	107	108	107-108	美丽误会	
2	109	110	109-110	八姑入狱	
2	111	112	111-112	红头巾	
2	113	113	113	假钱	
2	114	114	114	拖友仔	
2	115	116	115-116	太子遇着兵	
2	117	117	117	黄粱一梦	
2	118	118	118	老公的“外遇”	
2	119	120	119-120	欲望号单车	
3	1	2	1-2	大院硝烟	
3	3	3	3	金医生有难	
3	4	4	4	酒逢知己	
3	5	6	5-6	牛局长与民同乐	
3	7	8	7-8	青春的躁动	
3	9	9	9	韩师奶的绯闻	
3	10	10	10	风流八姑	
3	11	11	11	牛局长的“艳照”	
3	12	12	12	打小人	
3	13	13	13	圈套	
3	14	14	14	国语“浑”动	
3	15	15	15	天上掉落个有钱女	
3	16	16	16	盲公太子炳	
3	17	18	17-18	募捐记	
3	19	19	19	狗咬狗骨	
3	20	20	20	糊涂姑娘糊涂事	
3	21	22	21-22	烦恼“嫁”期	
3	23	23	23	难言之隐	
3	24	24	24	八姑撞聋	
3	25	25	25	无事生非	
3	26	26	26	你开心我开心	
3	27	28	27-28	妹仔大过主人婆	
3	29	30	29-30	迟来的婚礼	
3	31	31	31	流水有情花无意	
3	32	32	32	车老虎人老虎	
3	33	33	33	太子炳买官记	
3	34	34	34	少女的心事	
3	35	35	35	房租风波	
3	36	36	36	金桔王	
3	37	38	37-38	过桥抽板	
3	39	40	39-40	破镜重圆	
3	41	42	41-42	陋室夫妻	
3	43	44	43-44	水淡情浓	
3	45	45	45	往事并不如烟	
3	46	46	46	先斩后奏	
3	47	47	47	珠女入城	
3	48	48	48	出走风波	
3	49	49	49	玩转三六九	
3	50	50	50	第一次礼物	
3	51	51	51	他是谁	
3	52	52	52	甜蜜惊魂	
3	53	54	53-54	引“狼”入室	
3	55	55	55	蝴蝶结	
3	56	56	56	孰不可忍	
3	57	57	57	黑吃黑	
3	58	58	58	心病还须心药医	
3	59	60	59-60	沙煲兄弟	
3	61	61	61	街上流行着西装	
3	62	62	62	容易受伤的女人	
3	63	63	63	珠女赚钱记	
3	64	64	64	骑虎难下	
3	65	65	65	苛捐杂税	
3	66	66	66	伤逝	
3	67	67	67	私奔风波	
3	68	68	68	我的嫂嫂我的“妻”	
3	69	70	69-70	一吻之祸	
3	71	72	71-72	荷兰“奶娘”	
3	73	73	73	母猪会上树	
3	74	74	74	改名行运	
3	75	76	75-76	手枪	
3	77	77	77	奉命装傻	
3	78	78	78	太子炳转性	
3	79	80	79-80	救风尘	
3	81	82	81-82	结义金兰	
3	83	83	83	空心老倌	
3	84	84	84	逼上梁山	
3	85	85	85	一条丝巾	
3	86	86	86	信任危机	
3	87	88	87-88	有毛有翼太子炳	
3	89	89	89	龙床不如狗窦	
3	90	90	90	蛇王老细	
3	91	92	91-92	肥田有人争	
3	93	93	93	偷鸡不成蚀把米	
3	94	94	94	暗渡陈仓	
3	95	96	95-96	新版大闹广昌隆	
3	97	97	97	平淡是真	
3	98	98	98	合租记	
3	99	100	99-100	非常兄妹	
3	101	101	101	家有妒妇	
3	102	102	102	合久未必分	
3	103	104	103-104	怨妇俱乐部	
3	105	106	105-106	清白的代价	
3	107	108	107-108	名门之后	
3	109	109	109	项链风波	
3	110	110	110	扭腰记	
3	111	112	111-112	艇仔粥	
3	113	113	113	广告模特	
3	114	114	114	拍马乌龙	
3	115	116	115-116	大小通吃	
3	117	118	117-118	飞上枝头	
3	119	120	119-120	送礼大吉	
4	1	2	1-2	鹊巢鸠占	
4	3	3	3	莫谈国事	
4	4	4	4	乱世乌纱好易飞	
4	5	6	5-6	赌石	
4	7	8	7-8	乌龙逍遥宫	
4	9	9	9	苦肉计	
4	10	10	10	横财不就手	
4	11	11	11	八姑的节俭生活	
4	12	12	12	生财夜香	
4	13	13	13	一物降一物	
4	14	14	14	茶壶风波	
4	15	16	15-16	飞来艳福	
4	17	17	17	捕风捉影	
4	18	18	18	天有眼	
4	19	20	19-20	大档风云	
4	21	21	21	金字招牌	
4	22	22	22	买路钱	
4	23	23	23	礼物	
4	24	24	24	砒霜惊魂	
4	25	26	25-26	百变郎心	
4	27	28	27-28	郎心如铁	
4	29	30	29-30	浊海飘萍	
4	31	31	31	咸鱼翻生	
4	32	32	32	聪明险被聪明误	
4	33	34	33-34	真相	
4	35	36	35-36	今非昔比	
4	37	37	37	北方妹	
4	38	38	38	衣车情缘	
4	39	40	39-40	霸王餐	
4	41	41	41	大妗姐	
4	42	42	42	“英雄”气短	
4	43	43	43	突击减肥	
4	44	44	44	看花灯	
4	45	45	45	你情我不愿	
4	46	46	46	谁是母亲	
4	47	48	47-48	神打	
4	49	49	49	怪味粽	
4	50	50	50	贫贱夫妻	
4	51	51	51	乌烟瘴气	
4	52	52	52	西洋蔡的桃花劫	
4	53	54	53-54	艳舞名花	
4	55	56	55-56	廉政模范	
4	57	57	57	阴差阳错	
4	58	58	58	百全大补	
4	59	60	59-60	为谁作证	
4	61	62	61-62	太子炳当差	
4	63	63	63	我不是坏男人	
4	64	64	64	不义之财	
4	65	65	65	扭纹媳妇	
4	66	66	66	金医生打老虎	
4	67	68	67-68	油漆桶	
4	69	70	69-70	四季歌	
4	71	71	71	祸从天降	
4	72	72	72	捞过界	
4	73	74	73-74	贵友	
4	75	75	75	天降横财	
4	76	76	76	太子炳炒楼	
4	77	77	77	一封情书	
4	78	78	78	幺叔的遗产	
4	79	80	79-80	早春	
4	81	82	81-82	壶中日月长	
4	83	84	83-84	鸡仔珠	
4	85	86	85-86	恶有恶报	
4	87	88	87-88	春梦了无痕	
4	89	89	89	冲喜惊魂	
4	90	90	90	夺命钞票	
4	91	91	91	欢喜冤家	
4	92	92	92	满街尽是冲凉客	
4	93	94	93-94	西关小姐	
4	95	95	95	好事难为	
4	96	96	96	阿瑞的风化案	
4	97	97	97	好男人大丈夫	
4	98	98	98	留声机	
4	99	100	99-100	三六九落难记	
4	101	101	101	真假花痴	
4	102	102	102	惊魂劫	
4	103	104	103-104	舞女门前的是非	
4	105	105	105	阿兰是大佬	
4	106	106	106	增寿鸡	
4	107	108	107-108	新丁壶	
4	109	109	109	历尽“疮”桑	
4	110	110	110	茶水费	
4	111	112	111-112	太子炳绑架案	
4	113	114	113-114	见钱眼开	
4	115	116	115-116	舞女劳军	
4	117	117	117	粒粒皆“心”苦	
4	118	118	118	萍水夫妻	
4	119	120	119-120	“赤色”租客	
5	1	1	1	八姑赈济	
5	2	2	2	咏春师傅	
5	3	3	3	疑心生暗鬼	
5	4	4	4	取之有道	
5	5	6	5-6	一日父女	
5	7	7	7	得不偿失	
5	8	8	8	改头换面	
5	9	9	9	内衣风波	
5	10	10	10	赌注	
5	11	11	11	一件工人服	
5	12	12	12	契爷的后事	
5	13	13	13	阿香当家	
5	14	14	14	一击即中	
5	15	16	15-16	阿芙蓉	
5	17	17	17	作茧自缚	
5	18	18	18	逼疯	
5	19	19	19	昆虫大宴	
5	20	20	20	阿香的嫁衣	
5	21	22	21-22	智斗老差骨	
5	23	24	23-24	美丽的谎言	
5	25	26	25-26	中奖惹风波	
5	27	28	27-28	地下二房东	
5	29	30	29-30	赌命迷徒	
5	31	31	31	病假情真	
5	32	32	32	午夜惊魂曲	
5	33	33	33	越怕越见鬼	
5	34	34	34	改名记	
5	35	35	35	征丁记	
5	36	36	36	花绢错	
5	37	38	37-38	危险的游戏	
5	39	40	39-40	鬼迷心窍	
5	41	42	41-42	笑比哭好	
5	43	44	43-44	阿妹的选择	
5	45	48	45-48	福祸太子炳（一/二/三/四）	
5	49	50	49-50	大振夫纲	
5	51	52	51-52	家有俗女	
5	53	54	53-54	囤积居奇	
5	55	56	55-56	打蛇随棍上	
5	57	58	57-58	风月救风尘	
5	59	59	59	西洋蔡有米	
5	60	60	60	女儿的秘密	
5	61	62	61-62	阿九禁狗	
5	63	66	63-66	吃你没商量（一/二/三/四）	
5	67	67	67	老细唔易做	
5	68	68	68	与“狼”入室	
5	69	70	69-70	八姑“访”仙	
5	71	71	71	误打误撞	
5	72	72	72	撞板线人	
5	73	74	73-74	情人劫	
5	75	78	75-78	明争暗斗（一/二/三/四）	
5	79	80	79-80	大姐阿萍	
5	81	82	81-82	倒霉三六九	
5	83	84	83-84	八姑坐庄	
5	85	86	85-86	差馆装修	
5	87	87	87	大贼找上门	
5	88	88	88	烦事有人强出头	
5	89	90	89-90	猛龙过江	
5	91	91	91	丘富的秘密	
5	92	92	92	第七个贼	
5	93	94	93-94	慈善秀	
5	95	96	95-96	点着谁人做大兵	
5	97	98	97-98	阿兰招婿	
5	99	99	99	暗送秋波	
5	100	100	100	西洋蔡做媒	
5	101	102	101-102	掉包	
5	103	104	103-104	较量	
5	105	106	105-106	啼笑情缘	
5	107	108	107-108	军柴陀地	
5	109	109	109	西洋蔡试妻	
5	110	110	110	贵人三六九	
5	111	112	111-112	八姑自强	
5	113	113	113	招牌风波	
5	114	114	114	官商游戏	
5	115	116	115-116	冤家宜解不宜结	
5	117	117	117	疑似爱情	
5	118	118	118	百善孝为先	
5	119	120	119-120	虾毛仔	
6	1	1	1	深闺怨妇	
6	2	2	2	局长难当	
6	3	4	3-4	茶楼伙计	
6	5	6	5-6	家衰口不停	
6	7	7	7	祖传养生汤	
6	8	8	8	唱龙舟	
6	9	10	9-10	八姑借腹	
6	11	11	11	西洋蔡的西洋梦	
6	12	12	12	家有河东狮	
6	13	13	13	三千烦恼丝	
6	14	14	14	事与愿违	
6	15	15	15	迷踪	
6	16	16	16	太子炳做“会”	
6	17	17	17	警花出更	
6	18	18	18	意外之事	
6	19	20	19-20	银花娘娘	
6	21	21	21	恶梦重温	
6	22	22	22	西洋蔡卖车	
6	23	24	23-24	情义兄弟	
6	25	25	25	一双绣花鞋	
6	26	26	26	九哥有喜	
6	27	28	27-28	阿香私奔	
6	29	29	29	毛巾上汤	
6	30	30	30	八姑放生	
6	31	31	31	路见不平	
6	32	32	32	夜巡怪事	
6	33	34	33-34	姑爷蔡	
6	35	36	35-36	铲刀磨铰剪	
6	37	37	37	阿瑞送礼	
6	38	38	38	高佬之忧	
6	39	39	39	梳头婆	
6	40	40	40	种宝之谜	
6	41	42	41-42	再见相思鸟	
6	43	44	43-44	感情捉迷藏	
6	45	45	45	善人炳爷	
6	46	46	46	两情不悦	
6	47	48	47-48	险过剃头	
6	49	49	49	各施各法	
6	50	50	50	珠女的初恋	
6	51	51	51	好兄弟难算账	
6	52	52	52	美国雪花膏	
6	53	53	53	开锁记	
6	54	54	54	濑粉情	
6	55	55	55	警察与乞丐	
6	56	56	56	今朝有酒今朝醉	
6	57	57	57	请君入瓮	
6	58	58	58	天上掉馅饼	
6	59	59	59	情场急先锋	
6	60	60	60	欠债不还钱	
6	61	62	61-62	半月河东狮	
6	63	64	63-64	搜捕疑云	
6	65	66	65-66	查理 蔡别林	
6	67	67	67	量身招聘	
6	68	68	68	金医生的秘方	
6	69	69	69	最佳拍档	
6	70	70	70	打老婆	
6	71	71	71	烧鹅事件	
6	72	72	72	八姑的首饰	
6	73	74	73-74	军粮窃案	
6	75	76	75-76	聘礼	
6	77	78	77-78	情人祸水	
6	79	80	79-80	牛马之争	
6	81	82	81-82	夺命金枪	
6	83	83	83	嫁女风波	
6	84	84	84	心债	
6	85	85	85	碌鹅秘方	
6	86	86	86	一口含千金	
6	87	87	87	争气冰箱	
6	88	88	88	双夫命	
6	89	90	89-90	独脚大盗	
6	91	91	91	一碗白粥	
6	92	92	92	女人的报复	
6	93	93	93	失狗记	
6	94	94	94	八姑的如意算盘	
6	95	96	95-96	缘来如此	
6	97	98	97-98	花被盖鸡笼	
6	99	100	99-100	新贵与乌龟	
6	101	101	101	坚少娶妻	
6	102	102	102	全家福照片	
6	103	103	103	假凤虚凰	
6	104	104	104	征兵游戏	
6	105	106	105-106	私生女	
6	107	107	107	好汉难当	
6	108	108	108	生死考验	
6	109	109	109	拉闸派对	
6	110	110	110	老天有眼	
6	111	112	111-112	丘富的军功章	
6	113	113	113	乌喱单刀	
6	114	114	114	住家舞厅	
6	115	116	115-116	有凉茶无热气	
6	117	118	117-118	团长你有种	
6	119	119	119	舞情无义	
6	120	120	120	太子炳嫁舅	
7	1	1	1	舅仔鞋	
7	2	2	2	玩出火	
7	3	4	3-4	代乳粉	
7	5	6	5-6	乌龙鸳鸯	
7	7	8	7-8	天上掉下个富爸爸	
7	9	9	9	押宝	
7	10	10	10	医者父母心	
7	11	11	11	让鸡公榄飞	
7	12	12	12	红色高跟鞋	
7	13	13	13	救命恩人	
7	14	14	14	一只下蛋鸡	
7	15	15	15	烂泥扶不上壁	
7	16	16	16	分身有术	
7	17	17	17	坐地生财	
7	18	18	18	珍邮奇闻	
7	19	19	19	大闹狮子楼	
7	20	20	20	真假局长	
7	21	22	21-22	九上七落	
7	23	24	23-24	乱世恩仇	
7	25	26	25-26	美梦闪一回	
7	27	28	27-28	一夜风流债未停	
7	29	29	29	张冠李戴	
7	30	30	30	猪脚姜	
7	31	32	31-32	丘富报恩	
7	33	33	33	姐妹情	
7	34	34	34	老鼠也疯狂	
7	35	36	35-36	似是故人来	
7	37	38	37-38	金医生扯大旗	
7	39	39	39	西洋蔡嫁母	
7	40	40	40	失聪记	
7	41	41	41	变色龙	
7	42	42	42	成人之美	
7	43	44	43-44	虎头蛇尾	
7	45	46	45-46	代夫从商	
7	47	48	47-48	南北一锅粥	
7	49	49	49	人肉坚	
7	50	50	50	月夜惊魂	
7	51	51	51	肉随砧板上	
7	52	52	52	鸿运当头	
7	53	53	53	金医生的心事	
7	54	54	54	无主之钱	
7	55	55	55	肇事迷案	
7	56	56	56	私房菜	
7	57	57	57	魔术师	
7	58	58	58	请神容易送神难	
7	59	60	59-60	阿兰花	
7	61	61	61	路不拾遗	
7	62	62	62	乌鸦嘴	
7	63	63	63	冤家聚头	
7	64	64	64	好心遭雷劈	
7	65	66	65-66	刘家有后	
7	67	67	67	红丝绳	
7	68	68	68	吹破牛皮	
7	69	70	69-70	家有表妹	
7	71	71	71	家贼难防	
7	72	72	72	偷龙转凤	
7	73	74	73-74	公子驾到	
7	75	75	75	牛局长的金表	
7	76	76	76	大沙炮	
7	77	77	77	名门之后	
7	78	78	78	传单	
7	79	79	79	糯米饭	
7	80	80	80	凤求凰	
7	81	81	81	一发难收	
7	82	82	82	替身	
7	83	83	83	打死狗讲价	
7	84	84	84	自找苦吃	
7	85	86	85-86	客家占地主	
7	87	88	87-88	老赖阿炳	
7	89	90	89-90	没有阿香的日子	
7	91	92	91-92	总被前缘误	
7	93	93	93	望夫归	
7	94	94	94	女儿的礼物	
7	95	96	95-96	天生你才	
7	97	97	97	慈善饭局	
7	98	98	98	横财惹祸	
7	99	99	99	骨肉相连	
7	100	100	100	猪头炳	
7	101	101	101	男人的私己	
7	102	102	102	摇钱树	
7	103	103	103	一时糊涂	
7	104	104	104	谁是英雄	
7	105	106	105-106	乌龙金票友	
7	107	107	107	几大嘅头戴几大顶帽	
7	108	108	108	妹爱哥钱易	
7	109	109	109	亲情无价	
7	110	110	110	菠萝鸡	
7	111	111	111	家和万事兴	
7	112	112	112	财散人安落	
7	113	113	113	东风与西风	
7	114	114	114	二五八的心病	
7	115	115	115	阿兰家的秘密	
7	116	116	116	玉石梦	
7	117	117	117	相处容易相爱难	
7	118	118	118	充大头鬼	
7	119	120	119-120	美人计	
8	1	2	1-2	阿香历险记	
8	3	3	3	祸从车降	
8	4	4	4	最后的心愿	
8	5	5	5	女大女世界	
8	6	6	6	禁书风波	
8	7	8	7-8	太子炳打工记	
8	9	9	9	浑水摸鱼	
8	10	10	10	都是田鸡惹的祸	
8	11	12	11-12	真心错认	
8	13	13	13	无力救孤	
8	14	14	14	有险无惊	
8	15	16	15-16	得子风波	
8	17	17	17	金医生与盲公胜	
8	18	18	18	有枪无恐	
8	19	20	19-20	牛家劫案	
8	21	21	21	点错相	
8	22	22	22	上得山多终遇虎	
8	23	24	23-24	玲珑一佳人	
8	25	25	25	午夜狂奔	
8	26	26	26	疯狂的夜明珠	
8	27	28	27-28	情人命案	
8	29	30	29-30	老虎皮	
8	31	31	31	局长接待日	
8	32	32	32	中秋乐	
8	33	33	33	“洋”胎盘	
8	34	34	34	珠女救母	
8	35	36	35-36	目击证人	
8	37	37	37	好人一生平安	
8	38	38	38	打斧头	
8	39	40	39-40	一包鸦片	
8	41	41	41	斗气夫妻	
8	42	42	42	安居乐业	
8	43	44	43-44	赎身	
8	45	46	45-46	谍影重重	
8	47	48	47-48	“有为”青年	
8	49	49	49	禁曲闹剧	
8	50	50	50	拒婚计	
8	51	52	51-52	青春之歌	
8	53	53	53	死牛一面颈	
8	54	54	54	蔡氏西餐	
8	55	55	55	阿瑞救妻	
8	56	56	56	发鸡盲	
8	57	58	57-58	无皮柴	
8	59	60	59-60	军警联勤	
8	61	61	61	红楼梦中人	
8	62	62	62	烫手煎堆	
8	63	64	63-64	偷龙转凤	
8	65	65	65	分房记	
8	66	66	66	鬼迷心窍	
8	67	67	67	太平无贼	
8	68	68	68	风水树	
8	69	70	69-70	邮差	
8	71	71	71	乌龙离合记	
8	72	72	72	挂羊头卖狗肉	
8	73	73	73	醉驾之后	
8	74	74	74	甜蜜的谎言	
8	75	75	75	局长该死	
8	76	76	76	大院闹鬼	
8	77	78	77-78	结拜兄弟	
8	79	80	79-80	投奔江湖	
8	81	81	81	机关算尽	
8	82	82	82	月光光照地堂	
8	83	83	83	撞车	
8	84	84	84	情浓老火汤	
8	85	85	85	边个够我打	
8	86	86	86	起死回生	
8	87	87	87	刮目相看	
8	88	88	88	血光之灾	
8	89	89	89	九龙出海	
8	90	90	90	好警不长	
8	91	92	91-92	中毒事件	
8	93	93	93	上梁不正下梁歪	
8	94	94	94	求婚记	
8	95	96	95-96	发仔上契	
8	97	97	97	选婿记	
8	98	98	98	金公公与谭公公	
8	99	100	99-100	难兄难弟	
8	101	102	101-102	还是你最好	
8	103	103	103	警医	
8	104	104	104	我为车狂	
8	105	105	105	真男人	
8	106	106	106	大哥不易做	
8	107	107	107	爱情与面包	
8	108	108	108	恩爱楼梯	
8	109	109	109	问心有愧	
8	110	110	110	母慈女孝	
8	111	112	111-112	太子炳的大佬梦	
8	113	113	113	金医生的小媳妇	
8	114	114	114	失忆记	
8	115	116	115-116	夺命烟土	
8	117	118	117-118	三六九的幸福时光	
8	119	119	119	内鬼难防	
8	120	120	120	一四七的艳照	
8	121	122	121-122	失窃疑云	
8	123	123	123	出轨撞到鬼	
8	124	124	124	所托非人	
8	125	125	125	危险关系	
8	126	126	126	新晋二叔公	
8	127	128	127-128	火烧棚屋	
8	129	130	129-130	秘密图纸	
8	131	132	131-132	阿香失踪	
8	133	133	133	无药医	
8	134	134	134	渔翁得利	
8	135	135	135	引贼出洞	
8	136	136	136	大院歌声	
8	137	138	137-138	大院保卫战	
8	139	140	139-140	难续未了缘	
8	141	141	141	失金案	
8	142	142	142	“水鬼”的忏悔	
8	143	143	143	一世人两姐弟	
8	144	144	144	医者仁心	
8	145	146	145-146	局长的二十一间房屋	
8	147	148	147-148	夜半枪声	
8	149	150	149-150	真假太子炳	
8	151	151	151	怀表外传	
8	152	152	152	老坑扮后生	
8	153	154	153-154	百年终好合	
9	1	2	1-2	丹霞求子	
9	3	3	3	西餐惊魂	
9	4	4	4	虚不受补	
9	5	6	5-6	发仔的江湖	
9	7	7	7	假金济私	
9	8	8	8	皇帝不急太监急	
9	9	9	9	借钱	
9	10	10	10	八姑梳头	
9	11	12	11-12	绯闻背后	
9	13	13	13	剪影	
9	14	14	14	警局英雄	
9	15	15	15	鸡蛋碰石头	
9	16	16	16	家有辣妻	
9	17	17	17	叛徒的母亲	
9	18	18	18	惊喜中秋	
9	19	19	19	老友记	
9	20	20	20	天下无贼	
9	21	21	21	半路母女	
9	22	22	22	男人的腰骨	
9	23	23	23	老猫烧须	
9	24	24	24	卖猪仔	
9	25	26	25-26	名家弟子	
9	27	27	27	包芯牛肉丸	
9	28	28	28	假作真时	
9	29	30	29-30	连环计	
9	31	32	31-32	红尘恶梦	
9	33	34	33-34	征婚启示	
9	35	36	35-36	瘟神	
9	37	38	37-38	玩出个大头佛	
9	39	40	39-40	我爱我家	
9	41	42	41-42	黄粱美梦	
9	43	44	43-44	金医生的银针	
9	45	45	45	迟来的正义	
9	46	46	46	谁才是贤妻	
9	47	48	47-48	红尘姐妹	
9	49	49	49	一家之主	
9	50	50	50	警花之祸	
9	51	51	51	大院斗法	
9	52	52	52	神秘箱子	
9	53	53	53	牛英雄	
9	54	54	54	冒名夫人	
9	55	58	55-58	炳盛大押（一/二/三/四）	
9	59	59	59	好女不忘嫁时衣	
9	60	60	60	发财就手	
9	61	62	61-62	追凶	
9	63	64	63-64	算计	
9	65	66	65-66	朋友，朋友	
9	67	67	67	一件旗袍	
9	68	68	68	狗贵人贱	
9	69	70	69-70	兄弟	
9	71	72	71-72	小鸳鸯	
9	73	74	73-74	救赎	
9	75	75	75	牛大春到此一游	
9	76	76	76	一念之差	
9	77	77	77	钓鱼	
9	78	78	78	真情	
9	79	79	79	十五对初一	
9	80	80	80	做贼心虚	
9	81	82	81-82	叫我高美美	
9	83	83	83	枕边的故事	
9	84	84	84	发仔当更	
9	85	86	85-86	戏梦人生	
9	87	87	87	夫妻同心	
9	88	88	88	悍匪疑云	
9	89	89	89	戴绿帽	
9	90	90	90	坚少煮饭	
9	91	92	91-92	红尘劫	
9	93	94	93-94	办案秘笈	
9	95	95	95	“和睦”之家	
9	96	96	96	男韭女藕	
9	97	97	97	敲脚骨	
9	98	98	98	炳哥的情信	
9	99	100	99-100	珠女的选择	
9	101	102	101-102	男人不易做	
9	103	103	103	夫人的旗袍	
9	104	104	104	楹联风波	
9	105	105	105	“最美师奶”	
9	106	106	106	荒唐年代	
9	107	108	107-108	中毒	
9	109	109	109	局长家的公务	
9	110	110	110	同捞唔同煲	
9	111	112	111-112	义无反顾	
9	113	113	113	八姑的心事	
9	114	114	114	烛光晚餐	
9	115	116	115-116	斗智	
9	117	118	117-118	新晋特工	
9	119	120	119-120	神枪肥婆	
10	1	1	1	犯太岁	
10	2	2	2	人中龙凤华慕容	
10	3	4	3-4	同流合污	
10	5	6	5-6	医生与无赖	
10	7	7	7	黄埔蛋	
10	8	8	8	跳起执法	
10	9	10	9-10	得“儿”复失	
10	11	12	11-12	舞女怨	
10	13	14	13-14	不能没有你	
10	15	15	15	望门寡	
10	16	16	16	千慌百计	
10	17	18	17-18	生痄腮	
10	19	20	19-20	大院凶案	
10	21	21	21	金医生娶亲	
10	22	22	22	难忘的婚纱照	
10	23	24	23-24	私奔	
10	25	26	25-26	情书	
10	27	28	27-28	雨夜屠夫	
10	29	29	29	超级保镖	
10	30	30	30	戏说歇后语	
10	31	31	31	有米阿叔	
10	32	32	32	替天行道	
10	33	34	33-34	买门口	
10	35	35	35	唔衰摞来衰	
10	36	36	36	时来运不转	
10	37	37	37	“乞王”显灵	
10	38	38	38	相见亦难	
10	39	40	39-40	官司	
10	41	42	41-42	神秘的照片	
10	43	43	43	安乐椅之谜	
10	44	44	44	戒指风波	
10	45	46	45-46	升棺发财	
10	47	48	47-48	新抱仔	
10	49	49	49	卖身契	
10	50	50	50	阿坚的报复	
10	51	52	51-52	继承人	
10	53	54	53-54	神秘丽人	
10	55	56	55-56	兵与贼	
10	57	57	57	等着你回来	
10	58	58	58	后窗情事	
10	59	59	59	逼迁	
10	60	60	60	金医生的单车	
10	61	62	61-62	常回家看看	
10	63	64	63-64	一枚银币	
10	65	66	65-66	阿妹从军	
10	67	68	67-68	盲警	
10	69	69	69	豹子头	
10	70	70	70	道歉	
10	71	72	71-72	姐弟情深	
10	73	73	73	鉴宝秘笈	
10	74	74	74	埋堆	
10	75	76	75-76	报亲恩	
10	77	77	77	被诅咒的手镯	
10	78	78	78	大院信箱	
10	79	79	79	老婆如衣服	
10	80	80	80	人蠢没药医	
10	81	82	81-82	线人发仔	
10	83	84	83-84	深入虎穴	
10	85	86	85-86	丘富的祸水与红颜	
10	87	88	87-88	夜半情侣	
10	89	89	89	医道	
10	90	90	90	蛇鼠一窝	
10	91	92	91-92	情人	
10	93	94	93-94	鸡公炳	
10	95	96	95-96	谁是卧底	
10	97	97	97	真夫假妻	
10	98	98	98	廿四孝女婿	
10	99	100	99-100	契哥与契弟	
10	101	101	101	黑斗黑	
10	102	102	102	夜半来客	
10	103	103	103	真假孝心	
10	104	104	104	对酒当哭	
10	105	105	105	物归原主	
10	106	106	106	特殊老鸨	
10	107	108	107-108	双雄之战	
10	109	109	109	男亲女爱	
10	110	110	110	东山少爷梦	
10	111	112	111-112	乌龙大哥	
10	113	113	113	回家	
10	114	114	114	真真假假	
10	115	116	115-116	瘦马计划	
10	117	117	117	跟班的日子	
10	118	118	118	戒赌	
10	119	120	119-120	谁可相依	
11	1	2	1-2	旧情追踪	
11	3	3	3	玩出火	
11	4	4	4	年晚煎堆	
11	5	5	5	上门姑爷	
11	6	6	6	乌龙翻译	
11	7	8	7-8	姐妹	
11	9	10	9-10	神秘女人	
11	11	11	11	黑车	
11	12	12	12	诚信无价	
11	13	14	13-14	一道邪门	
11	15	16	15-16	新晋赌神	
11	17	17	17	一两大红袍	
11	18	18	18	甩难记	
11	19	19	19	阿香出马	
11	20	20	20	国民好老公	
11	21	21	21	癔症	
11	22	22	22	新官驾到	
11	23	23	23	认鬼亲	
11	24	24	24	救驾空饷	
11	25	26	25-26	青菜豆腐汤	
11	27	28	27-28	梅•香	
11	29	30	29-30	恶妻难驯	
11	31	31	31	一步之遥	
11	32	32	32	修炼	
11	33	34	33-34	最后的愿望	
11	35	36	35-36	二女争夫	
11	37	37	37	情场失意	
11	38	38	38	官财运	
11	39	39	39	一只皮鞋	
11	40	40	40	一封密函	
11	41	42	41-42	艇尾鸡	
11	43	43	43	越帮越忙	
11	44	44	44	御用尿壶	
11	45	46	45-46	堂妹的下半生	
11	47	48	47-48	哎呀，警长	
11	49	49	49	好人当贼办	
11	50	50	50	牡丹与小草	
11	51	51	51	设局	
11	52	52	52	一匾难求	
11	53	54	53-54	情动女儿节	
11	55	55	55	打火机之谜	
11	56	56	56	抗战英雄	
11	57	58	57-58	富家女婿梦	
11	59	59	59	本性难移	
11	60	60	60	密探风波	
11	61	62	61-62	水菱角	
11	63	63	63	挖宝记	
11	64	64	64	牛局长失联记	
11	65	66	65-66	乌龙绑架	
11	67	68	67-68	生死场	
11	69	69	69	拿“屎”上身	
11	70	70	70	珠女追凶	
11	71	72	71-72	寻药	
11	73	73	73	考验	
11	74	74	74	梦断克拉克	
11	75	75	75	鸡仔饼兄弟	
11	76	76	76	警长办公室	
11	77	78	77-78	蓦然回首	
11	79	80	79-80	意见箱	
11	81	82	81-82	重男轻女	
11	83	83	83	粉饰太平	
11	84	84	84	恶梦惊魂	
11	85	86	85-86	婆婆妈妈	
11	87	87	87	要女不要妈	
11	88	88	88	无辜风流债	
11	89	90	89-90	警长不易做	
11	91	91	91	八姑上契	
11	92	92	92	情深义粽	
11	93	94	93-94	姐弟情	
11	95	95	95	三六九办案	
11	96	96	96	我被青春撞了腰	
11	97	97	97	高枕难眠	
11	98	98	98	杀寇饭	
11	99	100	99-100	谭氏恳亲社	
11	101	101	101	好男人	
11	102	102	102	珍惜眼前人	
11	103	104	103-104	八姑守节	
11	105	105	105	寻找契仔	
11	106	106	106	孕事风波	
11	107	107	107	今天当黑	
11	108	108	108	触不到的恋人	
11	109	110	109-110	乱世女人花	
11	111	111	111	装假狗	
11	112	112	112	冲喜	
11	113	113	113	咖啡派对	
11	114	114	114	惹来一身骚	
11	115	115	115	少爷的磨难	
11	116	116	116	狗头金	
11	117	118	117-118	出生入死	
11	119	120	119-120	自在娇莺	
12	1	1	1	惊情一吻	
12	2	2	2	洋大人	
12	3	3	3	八姑遗珠	
12	4	4	4	警察学堂	
12	5	5	5	警服之殇	
12	6	6	6	镇宅之宝	
12	7	7	7	下马威	
12	8	8	8	一枚校徽	
12	9	10	9-10	舞厅新娇	
12	11	12	11-12	音魂不散	
12	13	14	13-14	刘定坚的婚事	
12	15	15	15	弄巧反成拙	
12	16	16	16	大院神医	
12	17	18	17-18	我要发达	
12	19	19	19	巧对联	
12	20	20	20	机关算尽	
12	21	22	21-22	希望	
12	23	23	23	蔡家的烦恼	
12	24	24	24	情人眼里出西施	
12	25	25	25	前世冤家	
12	26	26	26	三六九打黑	
12	27	27	27	发仔的牛一	
12	28	28	28	画假意真	
12	29	30	29-30	一女两嫁	
12	31	31	31	鸿门宴	
12	32	32	32	我本斯文	
12	33	34	33-34	武财神	
12	35	36	35-36	财不可露眼	
12	37	37	37	家有旺宅	
12	38	38	38	冷暖知人心	
12	39	39	39	床头打架床尾和	
12	40	40	40	善堂	
12	41	42	41-42	邪不压正	
12	43	43	43	警长的面子	
12	44	44	44	施恩莫图报	
12	45	46	45-46	可怜父母心	
12	47	48	47-48	善款招领	
12	49	49	49	造谣自缚	
12	50	50	50	内里乾坤	
12	51	52	51-52	发仔收徒	
12	53	56	53-56	黄脚坚（一/二/三/四）	
12	57	57	57	假作真时	
12	58	58	58	男人的辛苦	
12	59	60	59-60	黄雀在后	
12	61	62	61-62	红颜祸水	
12	63	64	63-64	夜唱惊魂	
12	65	66	65-66	冷面赌王	
12	67	67	67	丈母娘夸女婿	
12	68	68	68	牛夫人的秘密日记	
12	69	69	69	智斗	
12	70	70	70	绯闻	
12	71	72	71-72	丘老虎抢亲	
12	73	74	73-74	太平谍中谍	
12	75	75	75	全家福	
12	76	76	76	太子炳的烟局	
12	77	77	77	契爷驾到	
12	78	78	78	人靠表装	
12	79	80	79-80	夫人的眼线	
12	81	82	81-82	金蝉格格	
12	83	83	83	炳盛大劫案	
12	84	84	84	失忆	
12	85	88	85-88	表哥（一/二/三/四）	
12	89	89	89	夺命合照	
12	90	90	90	乌龙醉猫	
12	91	92	91-92	礼物	
12	93	94	93-94	阿瑞嫁妻	
12	95	95	95	雾里看花	
12	96	96	96	八姑的恐慌	
12	97	97	97	老婆大侦探	
12	98	98	98	虎口难夺食	
12	99	100	99-100	监狱“疯”云	
12	101	102	101-102	乱世芳踪	
12	103	104	103-104	甲骨文之谜	
12	105	106	105-106	心有千千结	
12	107	108	107-108	发记咸杂铺	
12	109	110	109-110	遗愿	
12	111	112	111-112	女保镖	
12	113	114	113-114	小老板与大老板	
12	115	116	115-116	勋章	
12	117	118	117-118	咸杂是非	
12	119	120	119-120	错有错着	
13	1	2	1-2	初恋情怀总是诗	
13	3	4	3-4	飞鸽传书	
13	5	5	5	生骨大头菜	
13	6	6	6	阿兰阿瑞查笃撑	
13	7	8	7-8	土豪绑架案	
13	9	10	9-10	神机妙"蒜"	
13	11	12	11-12	追凶神探	
13	13	14	13-14	计中计	
13	15	16	15-16	舞女泪	
13	17	18	17-18	保镖陷阱	
13	19	19	19	鬼住你隔离	
13	20	20	20	一幅广绣	
13	21	24	21-24	国军（一/二/三/四）	
13	25	28	25-28	误招虎狼婿（一/二/三/四）	
13	29	29	29	英雄二五八	
13	30	30	30	中降头	
13	31	32	31-32	炳哥当官	
13	33	34	33-34	急色鬼	
13	35	36	35-36	老差骨	
13	37	38	37-38	雀仔的天空	
13	39	40	39-40	十八的姑娘一朵花	
13	41	42	41-42	情深情浅	
13	43	44	43-44	三六九之死	
13	45	46	45-46	装修风波	
13	47	47	47	墨宝	
13	48	48	48	路不拾遗	
13	49	50	49-50	绝世好女婿	
13	51	52	51-52	茶庄风云	
13	53	54	53-54	不是冤家不聚头	
13	55	56	55-56	小气孩儿	
13	57	57	57	二五八的检举信	
13	58	58	58	家有大丈夫	
13	59	60	59-60	女地下党	
13	61	62	61-62	药无其事	
13	63	64	63-64	萝底橙	
13	65	66	65-66	红玫瑰白玫瑰	
13	67	67	67	蛇王记	
13	68	68	68	冒领人情	
13	69	70	69-70	谁是凶手	
13	71	72	71-72	最难消受美人恩	
13	73	74	73-74	武林高手金师傅	
13	75	76	75-76	我们的故事	
13	77	78	77-78	痴人做梦	
13	79	80	79-80	阿禄驾到	
13	81	84	81-84	门道（一/二/三/四）	
13	85	86	85-86	有钱无后	
13	87	88	87-88	老姜嫩姜	
13	89	90	89-90	迷雾	
13	91	91	91	生男生女	
13	92	92	92	别有居心	
13	93	93	93	烧衣	
13	94	94	94	豪气冲天	
13	95	96	95-96	她来了	
13	97	98	97-98	浑水摸鱼	
13	99	99	99	我不是通缉犯	
13	100	100	100	真不如假	
13	101	102	101-102	如意算盘	
13	103	104	103-104	孖石记	
13	105	106	105-106	无孔不入	
13	107	108	107-108	游菠萝 娶老婆	
13	109	110	109-110	卖肚之谜	
13	111	112	111-112	卿本佳人	
13	113	114	113-114	美食大决斗	
13	115	116	115-116	爱情万岁	
13	117	117	117	油炸蟹	
13	118	118	118	打烂醋埕	
13	119	120	119-120	情义两相知	
14	1	2	1-2	鹬蚌相争	
14	3	4	3-4	执到宝	
14	5	6	5-6	青梅竹马本是情	
14	7	7	7	一张契约	
14	8	8	8	一碗云吞	
14	9	10	9-10	搵老衬	
14	11	11	11	窝里斗	
14	12	12	12	乌龙风流债	
14	13	13	13	护媳风云	
14	14	14	14	“廉政模范”	
14	15	16	15-16	名表之祸	
14	17	17	17	阿崩唔好话阿癞	
14	18	18	18	虚惊一场	
14	19	20	19-20	替罪羊	
14	21	22	21-22	留洋少年兵	
14	23	23	23	人生之师	
14	24	24	24	撞鬼	
14	25	26	25-26	祸福洋行	
14	27	27	27	投毒案	
14	28	28	28	送礼	
14	29	29	29	真言	
14	30	30	30	心只有你	
14	31	32	31-32	替工女老板	
14	33	34	33-34	裸归	
14	35	36	35-36	坚少当差	
14	37	37	37	鸡仔蛋	
14	38	38	38	花钱有道	
14	39	40	39-40	死党	
14	41	42	41-42	再入虎穴	
14	43	44	43-44	最衰就是我	
14	45	45	45	炳哥不在的日子	
14	46	46	46	陈村粉	
14	47	48	47-48	脑震荡	
14	49	49	49	贵族	
14	50	50	50	人生廿四味	
14	51	52	51-52	我要上位	
14	53	53	53	暮水“爱情”	
14	54	54	54	酸儿辣女	
14	55	56	55-56	冤有头债有主	
14	57	57	57	瞎猫碰上雌老虎	
14	58	58	58	医生的抉择	
14	59	60	59-60	老婆有喜老公有难	
14	61	62	61-62	人情冷暖	
14	63	64	63-64	福非福 祸非祸	
14	65	66	65-66	客从何处来	
14	67	67	67	文盲老板	
14	68	68	68	骗婚记	
14	69	70	69-70	捧名角	
14	71	71	71	事与愿违	
14	72	72	72	大院恶少	
14	73	74	73-74	大鬼小鬼都是鬼	
14	75	76	75-76	炳哥的秘密	
14	77	80	77-80	神探（一/二/三/四）	
14	81	82	81-82	好心坏人	
14	83	84	83-84	落地凤凰	
14	85	88	85-88	门口狗三六九（一/二/三/四）	
14	89	90	89-90	一张银票	
14	91	91	91	妈仔妈心肝	
14	92	92	92	家厨	
14	93	96	93-96	女儿当自强（一/二/三/四）	
14	97	97	97	身材危机	
14	98	98	98	继承人	
14	99	100	99-100	酿鲮鱼	
14	101	102	101-102	义之道	
14	103	103	103	桐油埕	
14	104	104	104	人蠢没药医	
14	105	106	105-106	街头儿女	
14	107	108	107-108	大哥的女人	
14	109	109	109	亚华做衫	
14	110	110	110	如厕风云	
14	111	112	111-112	缸瓦船打老虎	
14	113	114	113-114	族谱	
14	115	115	115	复职梦	
14	116	116	116	寻找胎神	
14	117	118	117-118	人鬼难辨	
14	119	120	119-120	天赐孩儿	
15	1	2	1-2	良知	
15	3	4	3-4	木雕乾坤	
15	5	6	5-6	阿九爆大镬	
15	7	8	7-8	神奇药丸	
15	9	10	9-10	一念之间	
15	11	12	11-12	人财两失	
15	13	14	13-14	底线	
15	15	16	15-16	危机公关	
15	17	18	17-18	男人之苦	
15	19	19	19	惊心一曲	
15	20	20	20	吃亏是福	
15	21	22	21-22	金银润	
15	23	23	23	肥猫与坚	
15	24	24	24	乌龙案件	
15	25	26	25-26	拍戏惊魂	
15	27	28	27-28	娘要嫁人	
15	29	30	29-30	敛财有“道”	
15	31	32	31-32	最佳保镖	
15	33	34	33-34	骨气	
15	35	36	35-36	风月惜真情	
15	37	38	37-38	福兮祸兮	
15	39	39	39	包工头	
15	40	40	40	走火入魔	
15	41	42	41-42	巧施妙计	
15	43	43	43	饿鬼丘富	
15	44	44	44	秧歌闹剧	
15	45	45	45	本性难改	
15	46	46	46	反弹琵琶	
15	47	48	47-48	信任	
15	49	50	49-50	炳哥驾到	
15	51	52	51-52	惊魂一刻	
15	53	54	53-54	蝎子过河	
15	55	56	55-56	绝路求生	
15	57	58	57-58	我不是潘金莲	
15	59	59	59	生财厕所	
15	60	60	60	打鸭惊鸳	
15	61	62	61-62	炳哥克星	
15	63	64	63-64	桃色陷阱	
15	65	66	65-66	危险人物	
15	67	68	67-68	毒气惊魂	
15	69	70	69-70	螳螂与黄雀	
15	71	72	71-72	一朵海棠压梨花	
15	73	74	73-74	阿一	
15	75	76	75-76	知恩图报	
15	77	78	77-78	舍车保帅	
15	79	80	79-80	禄禄无为	
15	81	82	81-82	高人苏有禄	
15	83	84	83-84	汽锅鸡	
15	85	86	85-86	新养女	
15	87	88	87-88	空降旅长	
15	89	90	89-90	闪婚	
15	91	92	91-92	杀人者谭宪炳	
15	93	94	93-94	救难解危	
15	95	96	95-96	医者	
15	97	98	97-98	人言可畏	
15	99	100	99-100	茫茫返乡路	
15	101	102	101-102	横财	
15	103	104	103-104	军队之光	
15	105	106	105-106	街市之争	
15	107	108	107-108	回家之路	
15	109	110	109-110	总有出头日	
15	111	112	111-112	今时不同往日	
15	113	114	113-114	千杯不醉	
15	115	120	115-120	蛇蝎美人（一/二/三/四/五/六）	
16	1	2	1-2	炳哥的复仇	
16	3	4	3-4	为富须有仁	
16	5	6	5-6	童养媳	
16	7	8	7-8	恐怖庙	
16	9	10	9-10	过把瘾	
16	11	12	11-12	两只老虎	
16	13	13	13	执妈的故事	
16	14	14	14	寻龙点穴	
16	15	16	15-16	舞女之死	
16	17	18	17-18	夜宵档	
16	19	20	19-20	师妹	
16	21	22	21-22	满腹疑心	
16	23	24	23-24	夫妻本是同林鸟	
16	25	25	25	一诺千金	
16	26	26	26	得不偿失	
16	27	28	27-28	巡城马	
16	29	30	29-30	第四者	
16	31	32	31-32	不义兄弟	
16	33	34	33-34	回到原点	
16	35	36	35-36	大气度与小气量	
16	37	38	37-38	为善之道	
16	39	39	39	救人水火	
16	40	40	40	禁酒令	
16	41	42	41-42	打假	
16	43	44	43-44	风声	
16	45	46	45-46	鱼生的秘密	
16	47	48	47-48	我不要享清福	
16	49	50	49-50	杏林之道	
16	51	52	51-52	银狗仔	
16	53	54	53-54	孤女怨	
16	55	56	55-56	过墙梯	
16	57	58	57-58	熟悉的陌生人	
16	59	60	59-60	燕分飞	
16	61	64	61-64	暗度陈仓（一/二/三/四）	
16	65	66	65-66	至亲不如邻	
16	67	68	67-68	命犯桃花	
16	69	70	69-70	原配在此	
16	71	72	71-72	海味店的猫腻	
16	73	76	73-76	攀龙附凤（一/二/三/四）	
16	77	78	77-78	三六九之殇	
16	79	80	79-80	泥足深陷	
16	81	82	81-82	诊所嫌疑人	
16	83	84	83-84	疑似爱情	
16	85	86	85-86	烧须神探	
16	87	88	87-88	大师与儒商	
16	89	90	89-90	阿凤	
16	91	92	91-92	名媛八卦圈	
16	93	94	93-94	秘密工程	
16	95	96	95-96	冤冤相报	
16	97	98	97-98	木薯奇案	
16	99	100	99-100	造物弄人	
16	101	104	101-104	此情可待成追忆（一/二/三/四）	
16	105	106	105-106	布拉肠与捞粉	
16	107	108	107-108	一山还有一山高	
16	109	110	109-110	舍我其谁	
16	111	112	111-112	梦醒时分	
16	113	116	113-116	山雨欲来（一/二/三/四）	
16	117	120	117-120	回头未晚（一/二/三/四）	
17	1	2	1-2	缩水富翁	
17	3	4	3-4	竹篮打水	
17	5	5	5	都是存单惹的祸	
17	6	6	6	刻薄的家婆	
17	7	8	7-8	嫉妒	
17	9	9	9	八姑下厨	
17	10	10	10	冒牌房东	
17	11	12	11-12	绑架案	
17	13	13	13	迟来的道歉	
17	14	14	14	深水食堂	
17	15	16	15-16	舞厅新人	
17	17	18	17-18	谁是内奸	
17	19	20	19-20	陈皮	
17	21	21	21	广州大钟楼	
17	22	22	22	人善被人欺	
17	23	24	23-24	撬墙角	
17	25	26	25-26	乌龙产子记	
17	27	28	27-28	猪脚姜	
17	29	32	29-32	孙锦珍的报复（一/二/三/四）	
17	33	34	33-34	身份之谜	
17	35	36	35-36	红鸡蛋与合卺酒	
17	37	38	37-38	苦肉计	
17	39	40	39-40	取之有道	
17	41	42	41-42	十月螺肉香	
17	43	44	43-44	泥潭记	
17	45	46	45-46	灵媒奇案	
17	47	48	47-48	新爸爸的烦恼	
17	49	50	49-50	销赃	
17	51	52	51-52	大炮禄	
17	53	53	53	绵羊发威	
17	54	54	54	自灸	
17	55	56	55-56	白云猪手	
17	57	58	57-58	悲惨世界	
17	59	60	59-60	老公的事	
17	61	62	61-62	间谍之王	
17	63	64	63-64	暗度	
17	65	66	65-66	婆媳怨	
17	67	68	67-68	返工啦	
17	69	70	69-70	女学徒	
17	71	71	71	我要阿香	
17	72	72	72	人穷志不短	
17	73	74	73-74	我有压力	
17	75	76	75-76	无畏	
17	77	78	77-78	寻人启事	
17	79	79	79	荷兰水	
17	80	80	80	顾家女人	
17	81	82	81-82	失踪的阿香	
17	83	84	83-84	情暖童心	
17	85	85	85	服旧如新	
17	86	86	86	八姑酸梅鹅	
17	87	88	87-88	有惊无险	
17	89	90	89-90	匹配者	
17	91	92	91-92	不请自来	
17	93	93	93	一笔私藏钱	
17	94	94	94	炳的宴席	
17	95	96	95-96	夺命船	
17	97	98	97-98	沽名钓誉	
17	99	100	99-100	禁舞令	
17	101	102	101-102	师弟来了	
17	103	104	103-104	真假好人	
17	105	106	105-106	不是有情郎	
17	107	108	107-108	假红娘	
17	109	110	109-110	胆战心惊	
17	111	112	111-112	扎灯笼	
17	113	116	113-116	师出同门（一/二/三/四）	
17	117	117	117	真君子明算账	
17	118	118	118	才女悲歌	
17	119	120	119-120	寸草心	
18	1	2	1-2	妇女救星	
18	3	4	3-4	放鹰计划	
18	5	6	5-6	到嘴的鸭子	
18	7	8	7-8	理解万岁	
18	9	10	9-10	最后一批通行证	
18	11	12	11-12	草药	
18	13	14	13-14	各显神通	
18	15	15	15	茶室乐园	
18	16	16	16	自黑记	
18	17	17	17	私密照片	
18	18	18	18	抽签游戏	
18	19	20	19-20	卖故衣	
18	21	22	21-22	生子疑团	
18	23	24	23-24	杏林育新枝	
18	25	25	25	送汤记	
18	26	26	26	阿香的成长	
18	27	28	27-28	臭味相投	
18	29	30	29-30	左右为难	
18	31	31	31	怒火街头	
18	32	32	32	土地庙	
18	33	34	33-34	我不是神经病	
18	35	36	35-36	江湖疑凶	
18	37	38	37-38	酒局风波	
18	39	40	39-40	寄居蟹	
18	41	42	41-42	与虎谋皮	
18	43	44	43-44	前辈与晚辈	
18	45	46	45-46	为善之门	
18	47	47	47	一字千金	
18	48	48	48	合伙单车	
18	49	50	49-50	偏向虎山行	
18	51	52	51-52	孤寒财主	
18	53	54	53-54	养女阿竹	
18	55	56	55-56	明明白白我的心	
18	57	58	57-58	特派专员	
18	59	60	59-60	过气特工	
18	61	62	61-62	托孤	
18	63	63	63	造反的马仔	
18	64	64	64	媒人福	
18	65	66	65-66	黄梨梦	
18	67	68	67-68	过房儿子	
18	69	70	69-70	女人心计	
18	71	72	71-72	闹剧	
18	73	73	73	祸福香炉	
18	74	74	74	温暖的送别	
18	75	76	75-76	筹码	
18	77	78	77-78	姜埋奶	
18	79	80	79-80	心魔	
18	81	82	81-82	边缘人	
18	83	84	83-84	不能说的秘密	
18	85	86	85-86	偷窥风波	
18	87	88	87-88	戏假情真	
18	89	90	89-90	美丽师徒	
18	91	92	91-92	磨心	
18	93	93	93	情深说话未曾讲	
18	94	94	94	老虎当病猫	
18	95	96	95-96	苦命奇冤	
18	97	98	97-98	理失心不安	
18	99	100	99-100	黑白恩怨	
18	101	102	101-102	既定计划	
18	103	104	103-104	捉女婿	
18	105	106	105-106	局中局	
18	107	108	107-108	心中有杆秤	
18	109	110	109-110	我的拍档	
18	111	112	111-112	寻宝	
18	113	114	113-114	不分胜负	
18	115	116	115-116	痴男怨女	
18	117	118	117-118	丁财炮	
18	119	120	119-120	摆花街	
19	1	2	1-2	运财记	
19	3	4	3-4	影帝三六九	
19	5	5	5	脱发之友	
19	6	6	6	陈年旧账	
19	7	8	7-8	情与义	
19	9	10	9-10	天各一方	
19	11	12	11-12	加料美食	
19	13	14	13-14	广州传奇大亨	
19	15	16	15-16	逃婚记	
19	17	18	17-18	旺屋壮汉	
19	19	20	19-20	地水南音	
19	21	21	21	晒木棉花	
19	22	22	22	新官不上任	
19	23	24	23-24	妇唱夫随	
19	25	25	25	石头记	
19	26	26	26	梦想中的桃花源	
19	27	28	27-28	阿姐今年十八岁	
19	29	30	29-30	我在风雨中飘	
19	31	31	31	棍点正骨	
19	32	32	32	美救英雄	
19	33	34	33-34	阿发的礼服	
19	35	35	35	美女生意	
19	36	36	36	虎落平阳	
19	37	38	37-38	买枪记	
19	39	40	39-40	母痴子孝	
19	41	42	41-42	左右逢墙	
19	43	44	43-44	不做浮萍无依靠	
19	45	46	45-46	救赎	
19	47	48	47-48	真兄弟假兄弟	
19	49	50	49-50	续租记	
19	51	52	51-52	清流浊流	
19	53	54	53-54	黄金冰	
19	55	56	55-56	扯猫尾	
19	57	58	57-58	牛三星	
19	59	60	59-60	打掩护	
19	61	62	61-62	乱世漂萍	
19	63	64	63-64	残疾的阿香	
19	65	66	65-66	二五八遇险记	
19	67	68	67-68	疍家盘粉	
19	69	70	69-70	卖身契	
19	71	71	71	因果缘	
19	72	72	72	食两边茶礼	
19	73	74	73-74	最佳女友	
19	75	76	75-76	义诊	
19	77	78	77-78	合作	
19	79	80	79-80	女财神	
19	81	82	81-82	无事生非	
19	83	84	83-84	玉中自有黄金屋	
19	85	86	85-86	选夫	
19	87	88	87-88	伙计阿八	
19	89	90	89-90	一场孕事	
19	91	92	91-92	拳师	
19	93	96	93-96	他来自上海（一/二/三/四）	
19	97	98	97-98	偷东西的有钱人	
19	99	100	99-100	饿马必吃回头草	
19	101	102	101-102	做头发	
19	103	104	103-104	撒谎的代价	
19	105	106	105-106	正路偏门	
19	107	108	107-108	人证	
19	109	110	109-110	学正骨	
19	111	112	111-112	醉翁之意	
19	113	114	113-114	海阔疍家强	
19	115	116	115-116	隐形炸弹	
19	117	118	117-118	假戏真做	
19	119	120	119-120	下帅之旅	
