0	🏛️ 一、核心利益与商业阵营线（大院权力游戏）	太子炳 × 八姑	商业帝国兴衰 / 利益捆绑 / 家族暗涌	早期敛财开荐人馆、合伙做原子笔生意，靠收租与小生意积累家底。10,32早期敛财倒卖粮食牟取暴利。179继承暴富继承何三姑遗产，首次实现财富跃迁，开始扩张产业。394舞厅试水“住家舞厅”“拉闸派对”等奇葩经营。522,523,524,525,526舞厅舞厅被龙署长夺走，太子炳变老赖。598,599当铺与商行开“炳盛大押”，先后聘古师华、华慕容打理。785当铺与商行开“祸福洋行”拓展外贸生意。1170当铺与商行合伙做棉花生意。1466婚姻与子嗣危机《八姑借腹》借机养二奶，埋下婚姻隐患。444婚姻与子嗣危机第16季起孙锦珍介入，持续争夺谭家产业。婚姻与子嗣危机《他来自上海》武德辉登场，牵扯出太子炳疑似私生子之谜，家族面临重新洗牌。1539
1	🏛️ 一、核心利益与商业阵营线（大院权力游戏）	太子炳 × 华慕容	当铺智囊 / 亦敌亦友	《人中龙凤华慕容》首现，接替古师华出任朝奉。832坚守底线拒绝造假瓷器，于赌石事件中斡旋坚守民族大义。969,1130《陈年旧账》揭开华慕容年轻时在当铺行的恩怨旧事。1490
2	🏛️ 一、核心利益与商业阵营线（大院权力游戏）	孙锦珍线	蛇蝎美人 / 夺产复仇	登场与对峙《蛇蝎美人》首现，由太子炳上香引出其过往背景。1292夺产之战自称“谭太”挑衅八姑，两人当街对峙。1298夺产之战《暗度陈仓》联合太子炳逼阿香嫁人做走私。1326夺产之战联合旧情人于礼照，实施吞并谭家产业的全盘计划。1349得势回广州《缩水富翁》导致太子炳身家缩水。1351得势回广州被大官收为义女后得势回广州复仇。1369权钱博弈与伍姑娘争夺舞厅股份。1459
3	🏛️ 一、核心利益与商业阵营线（大院权力游戏）	刘定坚线	寄生作妖 / 坑姐又坑姐夫	《花被盖鸡笼》首现，买假古董充大头，开启“坑姐夫”生涯。513第7季起长期寄生谭家：扮蒙面贼骗治安费、开说书场变相收费等，屡战屡败。《孖石记》拉拢阿禄赌石，误入歧途害人性命。1142,1143眼红西洋蔡职位外出打工，让太子炳颜面尽失。1170与八姑合谋让太子炳染血病毒，靠献血博取好感重返谭家。1288太子炳家道中落后，跟着八姑持续败家，在各方夹缝中作妖。
4	💖 二、核心情感与市井生活线（大院烟火人间）	发仔 × 阿香	青梅竹马 / 冲破阻碍	萌芽期《假案真做》发仔为阿香出头，暗生情愫。2萌芽期一起看电影；发仔为阿香放弃回乡。35,68萌芽期《情窦暗开》撞见换衣；偷偷约会吹口琴。97,186抗争期《阿香私奔》为逃避逼婚两人私奔。459抗争期街坊帮忙掩护约会；黄公子成全两人。688,954波折期阿芹单恋发仔，发仔心属阿香。1107波折期《心只有你》地震中发仔未先救阿香，引发分手风波。1174波折期阿香拜师华慕容学朝奉，眼界与独立意识提升。1389考验期《假戏真做》私会被八姑发现，八姑对阿香严防死守，感情面临严峻考验。1550
5	💖 二、核心情感与市井生活线（大院烟火人间）	西洋蔡 × 奀妹	欢喜冤家 / 市井夫妻	相识互斗两人先后落难搬入大院，斗嘴互坑。8,11,59,82合伙相恋合伙开“蔡祝行”；奀妹暗恋西洋蔡。134,208合伙相恋《感情捉迷藏》正式确立恋爱关系。471婚姻生活《百年终好合》大婚；婚后奀妹严控家庭财政。743,756婚姻生活焦虑无后；蔡妈催生，爆发“酸儿辣女”婆媳冲突。1114,1161,1190生子与危机《乌龙产子记》生下女儿，蔡妈重男轻女引发矛盾。1367,1368生子与危机旧情人物件引发婚姻信任危机。1541
6	💖 二、核心情感与市井生活线（大院烟火人间）	鸡公福 × 玉嫂	黄昏恋 / 相濡以沫	早年结缘鸡公福教玉嫂做竹升面，结下善缘。98重逢升温《女儿当自强》玉嫂搬进大院重开竹升面店，两人感情升温。1212重逢升温鸡公福为摆脱海棠追求假装有染，玉嫂暗中介入。1270波折与成婚《此情可待成追忆》前妻阿德毁容出现，福哥陷入两难，最终玉嫂选择包容。1343,1344波折与成婚《红鸡蛋与合卺酒》两人正式成婚。1371婚后生活《一场孕事》玉嫂高龄怀孕，夫妻观念碰撞后和好。1537
7	💖 二、核心情感与市井生活线（大院烟火人间）	瑞叔 × 兰姨	贫贱夫妻 / 贫富考验	市井窘迫兰姨意外捡回五万元箱子，引发分钱纠纷。328市井窘迫兰姨得阑尾炎，珠女为救母险嫁入金家。652发达与迷失阿兰入股大华橡胶公司，成为“金股东”开始发达。1289,1290发达与迷失《原配在此》阿兰为工作不敢认瑞叔为夫，引发信任危机。1329发达与迷失大华公司爆雷，阿兰破产还债。1348患难与共《绵羊发威》瑞叔见阿兰被欺负时激发潜能勇敢护妻。1380
8	🕵️ 三、时代洪流与势力博弈线（乱世浮沉录）	警局与特务线	贪腐内斗 / 黑白博弈	警局铁三角三六九（王虾）、一四七（张富贵）初现，牛局长贪权好色。警局铁三角二五八（黎秋水）登场，形成警局内斗格局。275警局铁三角三六九误打误撞升任警长，一朝得志。949特务介入《谍影重重》保密局徐三登场，特务势力介入西关。660特务介入《三六九之死》中枪死里逃生，性格转向隐忍。1108特务介入三六九搭上徐三，成为保密局线人。1331,1332终极博弈徐三被撤职派往太平分局任特派专员，与牛局长展开权力博弈。1452,1453终极博弈徐三正式任副局长，警局彻底沦为特务与贪官的角斗场。1499
9	🕵️ 三、时代洪流与势力博弈线（乱世浮沉录）	国军线（丘富）	军阀腐败 / 护民悲歌	首现，替瑞叔出头与牛局长斗法。415,416,417路见不平救阿秀；《军警联勤》与牛局长勾心斗角。462,670《国军》揭露国军内部腐败不堪、内斗严重，丘富无力回天。1098苏文峰旅长空降，军界势力洗牌。1278《生子疑团》面临上前线当炮灰的命运，遗憾无子嗣。1431《天各一方》见证抓壮丁乱象与底层百姓的生离死别。1492
10	🌟 四、核心人物成长弧光（全剧灵魂深度）	韩师奶线	风尘女子的觉醒与漂泊	以舞厅头牌“小明珠”身份出场，饱受各方觊觎。7与韩志丰破镜重圆又遭抛弃，一度自甘堕落。212,213,214,292,293,294在舞厅与各方势力虚与委蛇，出手救下其他舞女。390,399辞工开美发店遇拆白党，被逼重操旧业，街坊为其登报征婚。769,770为报姑妈恩情四处兼职，最终如“无根之萍”淡出剧情，完成从依附男性到独立坚韧的女性成长。882,914
11	🌟 四、核心人物成长弧光（全剧灵魂深度）	金医生线	迂腐固执却医德高尚，乱世间大院最后的底线与良知	疯狗病风波与假药风波，确立“妙手回春”却穷困潦倒的基调。18,23暗中将假疫苗换成盐水，坚守医德底线。279卷入“银针杀人案”悬案，自证清白。775《良知》假意与陈善人合作开慈善医院，里应外合将其绳之以法。1229诊所收治枪伤通缉犯，在警界黑幕中艰难保全医者仁心。1334
12	🌟 四、核心人物成长弧光（全剧灵魂深度）	阿香觉醒线	从受虐养女到独立人格的觉醒	卖身契风波，奠定受虐养女的悲剧底色。5学西关小姐礼仪、唱曲、做嫁衣，展现对美好生活的向往。324,378拜师华慕容学朝奉，眼界与自我意识彻底觉醒。1388,1389面对八姑的严防死守与逼婚，展现出前所未有的反抗意识与独立人格。
13	🌟 四、核心人物成长弧光（全剧灵魂深度）	三六九线	从狐假虎威的底层巡警到左右逢源的双面间谍	买假枪得真枪，底层恶警形象初现。4误打误撞升警长，一朝得志暴露小人本性。949中枪死里逃生后，性格从张扬转向隐忍圆滑。1108投靠徐三成为线人，在牛局长与特务之间走钢丝。1331,1332,1452,1453在电影剧组取景时尽显“影帝”级生存本领，是乱世底层小人物投机生存的缩影。1488
14	🌟 四、核心人物成长弧光（全剧灵魂深度）	伍姑娘线	从舞厅歌女到独立实业者的浮沉	登场与仗义首登场，用茉莉花根让阿香沉睡助其脱困；后入戏班拜曹班主为师。996接棒舞厅《舞厅新娇》为救人迫入舞厅行业，正式接棒韩师奶舞厅线。1013接棒舞厅太子炳处处针对，伍姑娘用计谋报复；教八姑“御夫之道”。1055,1062跨界影视方导演筹拍《舞女泪》，请其出演女主角。1094跨界影视帮阿香设局，拿到刘定坚勾结外人中饱私囊的证据。1103爆红迷失以自身为诱饵引出凶手王家灿，为舞女宝琴讨回公道。1301爆红迷失《燕分飞》上映爆红后与方导演理念不合，一拍两散。1324,1325爆红迷失与黎公子从上海归来，孙锦珍想利用其明星身份加盟舞厅被拒。1329商业博弈联合玉嫂假扮黎夫人设计试探，搅乱孙锦珍的计划。1459,1460时代终局电影剧组在大院取景拍摄。1488时代终局面对骚扰，巧妙借二五八的身份做挡箭牌自保。1491,1514时代终局《撒谎的代价》投资电影失败，资金链断裂，急于转让舞厅股份。1543
15	🌀 五、时代百态暗线（全剧背景音）	时代百态暗线	全剧背景音，从市井喜剧逐渐走向时代悲剧	《民以粮为天》米价飞涨，以米易物。79莫谈国事；北方战乱难民南下，大院成“地下二房东”。274,382《火烧棚屋》黑恶势力与底层生存空间的残酷挤压。725抽签征兵、抓壮丁乱象，时代车轮无情碾过西关市井烟火。1429,1492
